[{"model": "pcari.quantitativequestionrating", "pk": 1, "fields": {"respondent": 36, "timestamp": "2018-04-19T09:45:07.920Z", "score": 4, "question": 11}}, {"model": "pcari.quantitativequestionrating", "pk": 2, "fields": {"respondent": 36, "timestamp": "2018-04-19T09:45:07.952Z", "score": 5, "question": 10}}, {"model": "pcari.quantitativequestionrating", "pk": 3, "fields": {"respondent": 36, "timestamp": "2018-04-19T09:45:07.976Z", "score": 3, "question": 13}}, {"model": "pcari.quantitativequestionrating", "pk": 4, "fields": {"respondent": 36, "timestamp": "2018-04-19T09:45:07.989Z", "score": 2, "question": 12}}, {"model": "pcari.quantitativequestionrating", "pk": 5, "fields": {"respondent": 36, "timestamp": "2018-04-19T09:45:07.996Z", "score": 4, "question": 15}}, {"model": "pcari.quantitativequestionrating", "pk": 6, "fields": {"respondent": 36, "timestamp": "2018-04-19T09:45:08.007Z", "score": 3, "question": 14}}, {"model": "pcari.quantitativequestionrating", "pk": 7, "fields": {"respondent": 36, "timestamp": "2018-04-19T09:45:08.016Z", "score": 2, "question": 17}}, {"model": "pcari.quantitativequestionrating", "pk": 8, "fields": {"respondent": 36, "timestamp": "2018-04-19T09:45:08.029Z", "score": 2, "question": 16}}, {"model": "pcari.quantitativequestionrating", "pk": 9, "fields": {"respondent": 36, "timestamp": "2018-04-19T09:45:08.036Z", "score": 7, "question": 1}}, {"model": "pcari.quantitativequestionrating", "pk": 10, "fields": {"respondent": 36, "timestamp": "2018-04-19T09:45:08.050Z", "score": 3, "question": 3}}, {"model": "pcari.quantitativequestionrating", "pk": 11, "fields": {"respondent": 36, "timestamp": "2018-04-19T09:45:08.064Z", "score": 2, "question": 2}}, {"model": "pcari.quantitativequestionrating", "pk": 12, "fields": {"respondent": 36, "timestamp": "2018-04-19T09:45:08.073Z", "score": 4, "question": 5}}, {"model": "pcari.quantitativequestionrating", "pk": 13, "fields": {"respondent": 36, "timestamp": "2018-04-19T09:45:08.082Z", "score": 6, "question": 4}}, {"model": "pcari.quantitativequestionrating", "pk": 14, "fields": {"respondent": 36, "timestamp": "2018-04-19T09:45:08.094Z", "score": 2, "question": 7}}, {"model": "pcari.quantitativequestionrating", "pk": 15, "fields": {"respondent": 36, "timestamp": "2018-04-19T09:45:08.100Z", "score": 2, "question": 6}}, {"model": "pcari.quantitativequestionrating", "pk": 16, "fields": {"respondent": 36, "timestamp": "2018-04-19T09:45:08.113Z", "score": 4, "question": 9}}, {"model": "pcari.quantitativequestionrating", "pk": 17, "fields": {"respondent": 37, "timestamp": "2018-04-19T09:48:27.168Z", "score": 4, "question": 11}}, {"model": "pcari.quantitativequestionrating", "pk": 18, "fields": {"respondent": 37, "timestamp": "2018-04-19T09:48:27.179Z", "score": 5, "question": 10}}, {"model": "pcari.quantitativequestionrating", "pk": 19, "fields": {"respondent": 37, "timestamp": "2018-04-19T09:48:27.194Z", "score": 3, "question": 13}}, {"model": "pcari.quantitativequestionrating", "pk": 20, "fields": {"respondent": 37, "timestamp": "2018-04-19T09:48:27.209Z", "score": 2, "question": 12}}, {"model": "pcari.quantitativequestionrating", "pk": 21, "fields": {"respondent": 37, "timestamp": "2018-04-19T09:48:27.222Z", "score": 4, "question": 15}}, {"model": "pcari.quantitativequestionrating", "pk": 22, "fields": {"respondent": 37, "timestamp": "2018-04-19T09:48:27.232Z", "score": 3, "question": 14}}, {"model": "pcari.quantitativequestionrating", "pk": 23, "fields": {"respondent": 37, "timestamp": "2018-04-19T09:48:27.239Z", "score": 2, "question": 17}}, {"model": "pcari.quantitativequestionrating", "pk": 24, "fields": {"respondent": 37, "timestamp": "2018-04-19T09:48:27.254Z", "score": 2, "question": 16}}, {"model": "pcari.quantitativequestionrating", "pk": 25, "fields": {"respondent": 37, "timestamp": "2018-04-19T09:48:27.263Z", "score": 7, "question": 1}}, {"model": "pcari.quantitativequestionrating", "pk": 26, "fields": {"respondent": 37, "timestamp": "2018-04-19T09:48:27.273Z", "score": 3, "question": 3}}, {"model": "pcari.quantitativequestionrating", "pk": 27, "fields": {"respondent": 37, "timestamp": "2018-04-19T09:48:27.285Z", "score": 2, "question": 2}}, {"model": "pcari.quantitativequestionrating", "pk": 28, "fields": {"respondent": 37, "timestamp": "2018-04-19T09:48:27.299Z", "score": 4, "question": 5}}, {"model": "pcari.quantitativequestionrating", "pk": 29, "fields": {"respondent": 37, "timestamp": "2018-04-19T09:48:27.316Z", "score": 6, "question": 4}}, {"model": "pcari.quantitativequestionrating", "pk": 30, "fields": {"respondent": 37, "timestamp": "2018-04-19T09:48:27.333Z", "score": 2, "question": 7}}, {"model": "pcari.quantitativequestionrating", "pk": 31, "fields": {"respondent": 37, "timestamp": "2018-04-19T09:48:27.344Z", "score": 2, "question": 6}}, {"model": "pcari.quantitativequestionrating", "pk": 32, "fields": {"respondent": 37, "timestamp": "2018-04-19T09:48:27.350Z", "score": 4, "question": 9}}, {"model": "pcari.quantitativequestionrating", "pk": 33, "fields": {"respondent": 38, "timestamp": "2018-04-19T09:52:49.615Z", "score": 3, "question": 11}}, {"model": "pcari.quantitativequestionrating", "pk": 34, "fields": {"respondent": 38, "timestamp": "2018-04-19T09:52:49.628Z", "score": 3, "question": 10}}, {"model": "pcari.quantitativequestionrating", "pk": 35, "fields": {"respondent": 38, "timestamp": "2018-04-19T09:52:49.634Z", "score": 3, "question": 13}}, {"model": "pcari.quantitativequestionrating", "pk": 36, "fields": {"respondent": 38, "timestamp": "2018-04-19T09:52:49.643Z", "score": 2, "question": 12}}, {"model": "pcari.quantitativequestionrating", "pk": 37, "fields": {"respondent": 38, "timestamp": "2018-04-19T09:52:49.655Z", "score": 3, "question": 15}}, {"model": "pcari.quantitativequestionrating", "pk": 38, "fields": {"respondent": 38, "timestamp": "2018-04-19T09:52:49.664Z", "score": 3, "question": 14}}, {"model": "pcari.quantitativequestionrating", "pk": 39, "fields": {"respondent": 38, "timestamp": "2018-04-19T09:52:49.675Z", "score": 2, "question": 17}}, {"model": "pcari.quantitativequestionrating", "pk": 40, "fields": {"respondent": 38, "timestamp": "2018-04-19T09:52:49.688Z", "score": 2, "question": 16}}, {"model": "pcari.quantitativequestionrating", "pk": 41, "fields": {"respondent": 38, "timestamp": "2018-04-19T09:52:49.699Z", "score": 7, "question": 1}}, {"model": "pcari.quantitativequestionrating", "pk": 42, "fields": {"respondent": 38, "timestamp": "2018-04-19T09:52:49.712Z", "score": 3, "question": 3}}, {"model": "pcari.quantitativequestionrating", "pk": 43, "fields": {"respondent": 38, "timestamp": "2018-04-19T09:52:49.719Z", "score": 2, "question": 2}}, {"model": "pcari.quantitativequestionrating", "pk": 44, "fields": {"respondent": 38, "timestamp": "2018-04-19T09:52:49.728Z", "score": 3, "question": 5}}, {"model": "pcari.quantitativequestionrating", "pk": 45, "fields": {"respondent": 38, "timestamp": "2018-04-19T09:52:49.740Z", "score": 5, "question": 4}}, {"model": "pcari.quantitativequestionrating", "pk": 46, "fields": {"respondent": 38, "timestamp": "2018-04-19T09:52:49.750Z", "score": 2, "question": 7}}, {"model": "pcari.quantitativequestionrating", "pk": 47, "fields": {"respondent": 38, "timestamp": "2018-04-19T09:52:49.757Z", "score": 2, "question": 6}}, {"model": "pcari.quantitativequestionrating", "pk": 48, "fields": {"respondent": 38, "timestamp": "2018-04-19T09:52:49.767Z", "score": 3, "question": 9}}, {"model": "pcari.quantitativequestionrating", "pk": 49, "fields": {"respondent": 39, "timestamp": "2018-04-19T10:00:33.280Z", "score": 3, "question": 11}}, {"model": "pcari.quantitativequestionrating", "pk": 50, "fields": {"respondent": 39, "timestamp": "2018-04-19T10:00:33.293Z", "score": 4, "question": 10}}, {"model": "pcari.quantitativequestionrating", "pk": 51, "fields": {"respondent": 39, "timestamp": "2018-04-19T10:00:33.310Z", "score": 3, "question": 13}}, {"model": "pcari.quantitativequestionrating", "pk": 52, "fields": {"respondent": 39, "timestamp": "2018-04-19T10:00:33.330Z", "score": 2, "question": 12}}, {"model": "pcari.quantitativequestionrating", "pk": 53, "fields": {"respondent": 39, "timestamp": "2018-04-19T10:00:33.339Z", "score": 3, "question": 15}}, {"model": "pcari.quantitativequestionrating", "pk": 54, "fields": {"respondent": 39, "timestamp": "2018-04-19T10:00:33.345Z", "score": 3, "question": 14}}, {"model": "pcari.quantitativequestionrating", "pk": 55, "fields": {"respondent": 39, "timestamp": "2018-04-19T10:00:33.354Z", "score": 2, "question": 17}}, {"model": "pcari.quantitativequestionrating", "pk": 56, "fields": {"respondent": 39, "timestamp": "2018-04-19T10:00:33.366Z", "score": 2, "question": 16}}, {"model": "pcari.quantitativequestionrating", "pk": 57, "fields": {"respondent": 39, "timestamp": "2018-04-19T10:00:33.378Z", "score": 7, "question": 1}}, {"model": "pcari.quantitativequestionrating", "pk": 58, "fields": {"respondent": 39, "timestamp": "2018-04-19T10:00:33.384Z", "score": 3, "question": 3}}, {"model": "pcari.quantitativequestionrating", "pk": 59, "fields": {"respondent": 39, "timestamp": "2018-04-19T10:00:33.401Z", "score": 2, "question": 2}}, {"model": "pcari.quantitativequestionrating", "pk": 60, "fields": {"respondent": 39, "timestamp": "2018-04-19T10:00:33.422Z", "score": 4, "question": 5}}, {"model": "pcari.quantitativequestionrating", "pk": 61, "fields": {"respondent": 39, "timestamp": "2018-04-19T10:00:33.433Z", "score": 6, "question": 4}}, {"model": "pcari.quantitativequestionrating", "pk": 62, "fields": {"respondent": 39, "timestamp": "2018-04-19T10:00:33.450Z", "score": 2, "question": 7}}, {"model": "pcari.quantitativequestionrating", "pk": 63, "fields": {"respondent": 39, "timestamp": "2018-04-19T10:00:33.458Z", "score": 2, "question": 6}}, {"model": "pcari.quantitativequestionrating", "pk": 64, "fields": {"respondent": 39, "timestamp": "2018-04-19T10:00:33.467Z", "score": 4, "question": 9}}, {"model": "pcari.quantitativequestionrating", "pk": 65, "fields": {"respondent": 40, "timestamp": "2018-04-19T10:03:57.318Z", "score": 3, "question": 11}}, {"model": "pcari.quantitativequestionrating", "pk": 66, "fields": {"respondent": 40, "timestamp": "2018-04-19T10:03:57.328Z", "score": 5, "question": 10}}, {"model": "pcari.quantitativequestionrating", "pk": 67, "fields": {"respondent": 40, "timestamp": "2018-04-19T10:03:57.338Z", "score": 3, "question": 13}}, {"model": "pcari.quantitativequestionrating", "pk": 68, "fields": {"respondent": 40, "timestamp": "2018-04-19T10:03:57.346Z", "score": 2, "question": 12}}, {"model": "pcari.quantitativequestionrating", "pk": 69, "fields": {"respondent": 40, "timestamp": "2018-04-19T10:03:57.360Z", "score": 3, "question": 15}}, {"model": "pcari.quantitativequestionrating", "pk": 70, "fields": {"respondent": 40, "timestamp": "2018-04-19T10:03:57.388Z", "score": 3, "question": 14}}, {"model": "pcari.quantitativequestionrating", "pk": 71, "fields": {"respondent": 40, "timestamp": "2018-04-19T10:03:57.394Z", "score": 2, "question": 17}}, {"model": "pcari.quantitativequestionrating", "pk": 72, "fields": {"respondent": 40, "timestamp": "2018-04-19T10:03:57.407Z", "score": 2, "question": 16}}, {"model": "pcari.quantitativequestionrating", "pk": 73, "fields": {"respondent": 40, "timestamp": "2018-04-19T10:03:57.413Z", "score": 7, "question": 1}}, {"model": "pcari.quantitativequestionrating", "pk": 74, "fields": {"respondent": 40, "timestamp": "2018-04-19T10:03:57.422Z", "score": 3, "question": 3}}, {"model": "pcari.quantitativequestionrating", "pk": 75, "fields": {"respondent": 40, "timestamp": "2018-04-19T10:03:57.429Z", "score": 2, "question": 2}}, {"model": "pcari.quantitativequestionrating", "pk": 76, "fields": {"respondent": 40, "timestamp": "2018-04-19T10:03:57.454Z", "score": 4, "question": 5}}, {"model": "pcari.quantitativequestionrating", "pk": 77, "fields": {"respondent": 40, "timestamp": "2018-04-19T10:03:57.465Z", "score": 5, "question": 4}}, {"model": "pcari.quantitativequestionrating", "pk": 78, "fields": {"respondent": 40, "timestamp": "2018-04-19T10:03:57.473Z", "score": 2, "question": 7}}, {"model": "pcari.quantitativequestionrating", "pk": 79, "fields": {"respondent": 40, "timestamp": "2018-04-19T10:03:57.487Z", "score": 2, "question": 6}}, {"model": "pcari.quantitativequestionrating", "pk": 80, "fields": {"respondent": 40, "timestamp": "2018-04-19T10:03:57.494Z", "score": 4, "question": 9}}, {"model": "pcari.quantitativequestionrating", "pk": 81, "fields": {"respondent": 46, "timestamp": "2018-04-19T10:25:21.059Z", "score": 4, "question": 11}}, {"model": "pcari.quantitativequestionrating", "pk": 82, "fields": {"respondent": 46, "timestamp": "2018-04-19T10:25:21.068Z", "score": 5, "question": 10}}, {"model": "pcari.quantitativequestionrating", "pk": 83, "fields": {"respondent": 46, "timestamp": "2018-04-19T10:25:21.080Z", "score": 3, "question": 13}}, {"model": "pcari.quantitativequestionrating", "pk": 84, "fields": {"respondent": 46, "timestamp": "2018-04-19T10:25:21.092Z", "score": 2, "question": 12}}, {"model": "pcari.quantitativequestionrating", "pk": 85, "fields": {"respondent": 46, "timestamp": "2018-04-19T10:25:21.106Z", "score": 4, "question": 15}}, {"model": "pcari.quantitativequestionrating", "pk": 86, "fields": {"respondent": 46, "timestamp": "2018-04-19T10:25:21.119Z", "score": 3, "question": 14}}, {"model": "pcari.quantitativequestionrating", "pk": 87, "fields": {"respondent": 46, "timestamp": "2018-04-19T10:25:21.128Z", "score": 2, "question": 17}}, {"model": "pcari.quantitativequestionrating", "pk": 88, "fields": {"respondent": 46, "timestamp": "2018-04-19T10:25:21.136Z", "score": 2, "question": 16}}, {"model": "pcari.quantitativequestionrating", "pk": 89, "fields": {"respondent": 46, "timestamp": "2018-04-19T10:25:21.147Z", "score": 7, "question": 1}}, {"model": "pcari.quantitativequestionrating", "pk": 90, "fields": {"respondent": 46, "timestamp": "2018-04-19T10:25:21.152Z", "score": 3, "question": 3}}, {"model": "pcari.quantitativequestionrating", "pk": 91, "fields": {"respondent": 46, "timestamp": "2018-04-19T10:25:21.166Z", "score": 2, "question": 2}}, {"model": "pcari.quantitativequestionrating", "pk": 92, "fields": {"respondent": 46, "timestamp": "2018-04-19T10:25:21.174Z", "score": 4, "question": 5}}, {"model": "pcari.quantitativequestionrating", "pk": 93, "fields": {"respondent": 46, "timestamp": "2018-04-19T10:25:21.188Z", "score": 6, "question": 4}}, {"model": "pcari.quantitativequestionrating", "pk": 94, "fields": {"respondent": 46, "timestamp": "2018-04-19T10:25:21.203Z", "score": 2, "question": 7}}, {"model": "pcari.quantitativequestionrating", "pk": 95, "fields": {"respondent": 46, "timestamp": "2018-04-19T10:25:21.234Z", "score": 2, "question": 6}}, {"model": "pcari.quantitativequestionrating", "pk": 96, "fields": {"respondent": 46, "timestamp": "2018-04-19T10:25:21.248Z", "score": 4, "question": 9}}, {"model": "pcari.quantitativequestionrating", "pk": 97, "fields": {"respondent": 48, "timestamp": "2018-04-19T10:28:35.176Z", "score": 4, "question": 11}}, {"model": "pcari.quantitativequestionrating", "pk": 98, "fields": {"respondent": 48, "timestamp": "2018-04-19T10:28:35.199Z", "score": 5, "question": 10}}, {"model": "pcari.quantitativequestionrating", "pk": 99, "fields": {"respondent": 48, "timestamp": "2018-04-19T10:28:35.208Z", "score": 3, "question": 13}}, {"model": "pcari.quantitativequestionrating", "pk": 100, "fields": {"respondent": 48, "timestamp": "2018-04-19T10:28:35.215Z", "score": 2, "question": 12}}, {"model": "pcari.quantitativequestionrating", "pk": 101, "fields": {"respondent": 48, "timestamp": "2018-04-19T10:28:35.222Z", "score": 4, "question": 15}}, {"model": "pcari.quantitativequestionrating", "pk": 102, "fields": {"respondent": 48, "timestamp": "2018-04-19T10:28:35.231Z", "score": 3, "question": 14}}, {"model": "pcari.quantitativequestionrating", "pk": 103, "fields": {"respondent": 48, "timestamp": "2018-04-19T10:28:35.252Z", "score": 2, "question": 17}}, {"model": "pcari.quantitativequestionrating", "pk": 104, "fields": {"respondent": 48, "timestamp": "2018-04-19T10:28:35.265Z", "score": 2, "question": 16}}, {"model": "pcari.quantitativequestionrating", "pk": 105, "fields": {"respondent": 48, "timestamp": "2018-04-19T10:28:35.286Z", "score": 7, "question": 1}}, {"model": "pcari.quantitativequestionrating", "pk": 106, "fields": {"respondent": 48, "timestamp": "2018-04-19T10:28:35.299Z", "score": 3, "question": 3}}, {"model": "pcari.quantitativequestionrating", "pk": 107, "fields": {"respondent": 48, "timestamp": "2018-04-19T10:28:35.308Z", "score": 2, "question": 2}}, {"model": "pcari.quantitativequestionrating", "pk": 108, "fields": {"respondent": 48, "timestamp": "2018-04-19T10:28:35.319Z", "score": 4, "question": 5}}, {"model": "pcari.quantitativequestionrating", "pk": 109, "fields": {"respondent": 48, "timestamp": "2018-04-19T10:28:35.328Z", "score": 6, "question": 4}}, {"model": "pcari.quantitativequestionrating", "pk": 110, "fields": {"respondent": 48, "timestamp": "2018-04-19T10:28:35.341Z", "score": 2, "question": 7}}, {"model": "pcari.quantitativequestionrating", "pk": 111, "fields": {"respondent": 48, "timestamp": "2018-04-19T10:28:35.350Z", "score": 2, "question": 6}}, {"model": "pcari.quantitativequestionrating", "pk": 112, "fields": {"respondent": 48, "timestamp": "2018-04-19T10:28:35.359Z", "score": 3, "question": 9}}, {"model": "pcari.quantitativequestionrating", "pk": 113, "fields": {"respondent": 50, "timestamp": "2018-04-19T11:11:13.687Z", "score": null, "question": 11}}, {"model": "pcari.quantitativequestionrating", "pk": 114, "fields": {"respondent": 50, "timestamp": "2018-04-19T11:11:13.695Z", "score": null, "question": 10}}, {"model": "pcari.quantitativequestionrating", "pk": 115, "fields": {"respondent": 50, "timestamp": "2018-04-19T11:11:13.705Z", "score": null, "question": 13}}, {"model": "pcari.quantitativequestionrating", "pk": 116, "fields": {"respondent": 50, "timestamp": "2018-04-19T11:11:13.721Z", "score": null, "question": 12}}, {"model": "pcari.quantitativequestionrating", "pk": 117, "fields": {"respondent": 50, "timestamp": "2018-04-19T11:11:13.740Z", "score": null, "question": 15}}, {"model": "pcari.quantitativequestionrating", "pk": 118, "fields": {"respondent": 50, "timestamp": "2018-04-19T11:11:13.752Z", "score": null, "question": 14}}, {"model": "pcari.quantitativequestionrating", "pk": 119, "fields": {"respondent": 50, "timestamp": "2018-04-19T11:11:13.762Z", "score": null, "question": 17}}, {"model": "pcari.quantitativequestionrating", "pk": 120, "fields": {"respondent": 50, "timestamp": "2018-04-19T11:11:13.776Z", "score": null, "question": 16}}, {"model": "pcari.quantitativequestionrating", "pk": 121, "fields": {"respondent": 50, "timestamp": "2018-04-19T11:11:13.787Z", "score": 7, "question": 1}}, {"model": "pcari.quantitativequestionrating", "pk": 122, "fields": {"respondent": 50, "timestamp": "2018-04-19T11:11:13.800Z", "score": null, "question": 3}}, {"model": "pcari.quantitativequestionrating", "pk": 123, "fields": {"respondent": 50, "timestamp": "2018-04-19T11:11:13.809Z", "score": null, "question": 2}}, {"model": "pcari.quantitativequestionrating", "pk": 124, "fields": {"respondent": 50, "timestamp": "2018-04-19T11:11:13.823Z", "score": null, "question": 5}}, {"model": "pcari.quantitativequestionrating", "pk": 125, "fields": {"respondent": 50, "timestamp": "2018-04-19T11:11:13.831Z", "score": null, "question": 4}}, {"model": "pcari.quantitativequestionrating", "pk": 126, "fields": {"respondent": 50, "timestamp": "2018-04-19T11:11:13.843Z", "score": null, "question": 7}}, {"model": "pcari.quantitativequestionrating", "pk": 127, "fields": {"respondent": 50, "timestamp": "2018-04-19T11:11:13.854Z", "score": null, "question": 6}}, {"model": "pcari.quantitativequestionrating", "pk": 128, "fields": {"respondent": 50, "timestamp": "2018-04-19T11:11:13.865Z", "score": null, "question": 9}}, {"model": "pcari.quantitativequestionrating", "pk": 129, "fields": {"respondent": 51, "timestamp": "2018-04-19T11:13:04.194Z", "score": null, "question": 11}}, {"model": "pcari.quantitativequestionrating", "pk": 130, "fields": {"respondent": 51, "timestamp": "2018-04-19T11:13:04.202Z", "score": null, "question": 10}}, {"model": "pcari.quantitativequestionrating", "pk": 131, "fields": {"respondent": 51, "timestamp": "2018-04-19T11:13:04.215Z", "score": null, "question": 13}}, {"model": "pcari.quantitativequestionrating", "pk": 132, "fields": {"respondent": 51, "timestamp": "2018-04-19T11:13:04.224Z", "score": null, "question": 12}}, {"model": "pcari.quantitativequestionrating", "pk": 133, "fields": {"respondent": 51, "timestamp": "2018-04-19T11:13:04.231Z", "score": null, "question": 15}}, {"model": "pcari.quantitativequestionrating", "pk": 134, "fields": {"respondent": 51, "timestamp": "2018-04-19T11:13:04.241Z", "score": null, "question": 14}}, {"model": "pcari.quantitativequestionrating", "pk": 135, "fields": {"respondent": 51, "timestamp": "2018-04-19T11:13:04.248Z", "score": null, "question": 17}}, {"model": "pcari.quantitativequestionrating", "pk": 136, "fields": {"respondent": 51, "timestamp": "2018-04-19T11:13:04.253Z", "score": null, "question": 16}}, {"model": "pcari.quantitativequestionrating", "pk": 137, "fields": {"respondent": 51, "timestamp": "2018-04-19T11:13:04.259Z", "score": null, "question": 1}}, {"model": "pcari.quantitativequestionrating", "pk": 138, "fields": {"respondent": 51, "timestamp": "2018-04-19T11:13:04.266Z", "score": null, "question": 3}}, {"model": "pcari.quantitativequestionrating", "pk": 139, "fields": {"respondent": 51, "timestamp": "2018-04-19T11:13:04.274Z", "score": null, "question": 2}}, {"model": "pcari.quantitativequestionrating", "pk": 140, "fields": {"respondent": 51, "timestamp": "2018-04-19T11:13:04.281Z", "score": null, "question": 5}}, {"model": "pcari.quantitativequestionrating", "pk": 141, "fields": {"respondent": 51, "timestamp": "2018-04-19T11:13:04.288Z", "score": null, "question": 4}}, {"model": "pcari.quantitativequestionrating", "pk": 142, "fields": {"respondent": 51, "timestamp": "2018-04-19T11:13:04.295Z", "score": null, "question": 7}}, {"model": "pcari.quantitativequestionrating", "pk": 143, "fields": {"respondent": 51, "timestamp": "2018-04-19T11:13:04.309Z", "score": null, "question": 6}}, {"model": "pcari.quantitativequestionrating", "pk": 144, "fields": {"respondent": 51, "timestamp": "2018-04-19T11:13:04.317Z", "score": null, "question": 9}}, {"model": "pcari.quantitativequestionrating", "pk": 145, "fields": {"respondent": 52, "timestamp": "2018-04-19T11:27:44.655Z", "score": null, "question": 11}}, {"model": "pcari.quantitativequestionrating", "pk": 146, "fields": {"respondent": 52, "timestamp": "2018-04-19T11:27:44.671Z", "score": null, "question": 10}}, {"model": "pcari.quantitativequestionrating", "pk": 147, "fields": {"respondent": 52, "timestamp": "2018-04-19T11:27:44.688Z", "score": null, "question": 13}}, {"model": "pcari.quantitativequestionrating", "pk": 148, "fields": {"respondent": 52, "timestamp": "2018-04-19T11:27:44.698Z", "score": null, "question": 12}}, {"model": "pcari.quantitativequestionrating", "pk": 149, "fields": {"respondent": 52, "timestamp": "2018-04-19T11:27:44.711Z", "score": null, "question": 15}}, {"model": "pcari.quantitativequestionrating", "pk": 150, "fields": {"respondent": 52, "timestamp": "2018-04-19T11:27:44.717Z", "score": null, "question": 14}}, {"model": "pcari.quantitativequestionrating", "pk": 151, "fields": {"respondent": 52, "timestamp": "2018-04-19T11:27:44.730Z", "score": null, "question": 17}}, {"model": "pcari.quantitativequestionrating", "pk": 152, "fields": {"respondent": 52, "timestamp": "2018-04-19T11:27:44.737Z", "score": null, "question": 16}}, {"model": "pcari.quantitativequestionrating", "pk": 153, "fields": {"respondent": 52, "timestamp": "2018-04-19T11:27:44.749Z", "score": null, "question": 1}}, {"model": "pcari.quantitativequestionrating", "pk": 154, "fields": {"respondent": 52, "timestamp": "2018-04-19T11:27:44.761Z", "score": null, "question": 3}}, {"model": "pcari.quantitativequestionrating", "pk": 155, "fields": {"respondent": 52, "timestamp": "2018-04-19T11:27:44.773Z", "score": null, "question": 2}}, {"model": "pcari.quantitativequestionrating", "pk": 156, "fields": {"respondent": 52, "timestamp": "2018-04-19T11:27:44.783Z", "score": null, "question": 5}}, {"model": "pcari.quantitativequestionrating", "pk": 157, "fields": {"respondent": 52, "timestamp": "2018-04-19T11:27:44.791Z", "score": null, "question": 4}}, {"model": "pcari.quantitativequestionrating", "pk": 158, "fields": {"respondent": 52, "timestamp": "2018-04-19T11:27:44.802Z", "score": null, "question": 7}}, {"model": "pcari.quantitativequestionrating", "pk": 159, "fields": {"respondent": 52, "timestamp": "2018-04-19T11:27:44.810Z", "score": null, "question": 6}}, {"model": "pcari.quantitativequestionrating", "pk": 160, "fields": {"respondent": 52, "timestamp": "2018-04-19T11:27:44.823Z", "score": null, "question": 9}}, {"model": "pcari.quantitativequestionrating", "pk": 161, "fields": {"respondent": 53, "timestamp": "2018-04-19T11:33:33.678Z", "score": 3, "question": 11}}, {"model": "pcari.quantitativequestionrating", "pk": 162, "fields": {"respondent": 53, "timestamp": "2018-04-19T11:33:33.785Z", "score": 4, "question": 10}}, {"model": "pcari.quantitativequestionrating", "pk": 163, "fields": {"respondent": 53, "timestamp": "2018-04-19T11:33:33.796Z", "score": 3, "question": 13}}, {"model": "pcari.quantitativequestionrating", "pk": 164, "fields": {"respondent": 53, "timestamp": "2018-04-19T11:33:33.807Z", "score": 2, "question": 12}}, {"model": "pcari.quantitativequestionrating", "pk": 165, "fields": {"respondent": 53, "timestamp": "2018-04-19T11:33:33.818Z", "score": 4, "question": 15}}, {"model": "pcari.quantitativequestionrating", "pk": 166, "fields": {"respondent": 53, "timestamp": "2018-04-19T11:33:33.826Z", "score": 3, "question": 14}}, {"model": "pcari.quantitativequestionrating", "pk": 167, "fields": {"respondent": 53, "timestamp": "2018-04-19T11:33:33.833Z", "score": 2, "question": 17}}, {"model": "pcari.quantitativequestionrating", "pk": 168, "fields": {"respondent": 53, "timestamp": "2018-04-19T11:33:33.840Z", "score": 2, "question": 16}}, {"model": "pcari.quantitativequestionrating", "pk": 169, "fields": {"respondent": 53, "timestamp": "2018-04-19T11:33:33.848Z", "score": 6, "question": 1}}, {"model": "pcari.quantitativequestionrating", "pk": 170, "fields": {"respondent": 53, "timestamp": "2018-04-19T11:33:33.855Z", "score": 2, "question": 3}}, {"model": "pcari.quantitativequestionrating", "pk": 171, "fields": {"respondent": 53, "timestamp": "2018-04-19T11:33:33.862Z", "score": 2, "question": 2}}, {"model": "pcari.quantitativequestionrating", "pk": 172, "fields": {"respondent": 53, "timestamp": "2018-04-19T11:33:33.869Z", "score": 4, "question": 5}}, {"model": "pcari.quantitativequestionrating", "pk": 173, "fields": {"respondent": 53, "timestamp": "2018-04-19T11:33:33.877Z", "score": 4, "question": 4}}, {"model": "pcari.quantitativequestionrating", "pk": 174, "fields": {"respondent": 53, "timestamp": "2018-04-19T11:33:33.885Z", "score": 2, "question": 7}}, {"model": "pcari.quantitativequestionrating", "pk": 175, "fields": {"respondent": 53, "timestamp": "2018-04-19T11:33:33.898Z", "score": 2, "question": 6}}, {"model": "pcari.quantitativequestionrating", "pk": 176, "fields": {"respondent": 53, "timestamp": "2018-04-19T11:33:33.906Z", "score": 3, "question": 9}}, {"model": "pcari.quantitativequestionrating", "pk": 177, "fields": {"respondent": 54, "timestamp": "2018-04-19T11:33:40.035Z", "score": 3, "question": 11}}, {"model": "pcari.quantitativequestionrating", "pk": 178, "fields": {"respondent": 54, "timestamp": "2018-04-19T11:33:40.043Z", "score": 4, "question": 10}}, {"model": "pcari.quantitativequestionrating", "pk": 179, "fields": {"respondent": 54, "timestamp": "2018-04-19T11:33:40.058Z", "score": 3, "question": 13}}, {"model": "pcari.quantitativequestionrating", "pk": 180, "fields": {"respondent": 54, "timestamp": "2018-04-19T11:33:40.066Z", "score": 2, "question": 12}}, {"model": "pcari.quantitativequestionrating", "pk": 181, "fields": {"respondent": 54, "timestamp": "2018-04-19T11:33:40.072Z", "score": 3, "question": 15}}, {"model": "pcari.quantitativequestionrating", "pk": 182, "fields": {"respondent": 54, "timestamp": "2018-04-19T11:33:40.078Z", "score": 3, "question": 14}}, {"model": "pcari.quantitativequestionrating", "pk": 183, "fields": {"respondent": 54, "timestamp": "2018-04-19T11:33:40.086Z", "score": 2, "question": 17}}, {"model": "pcari.quantitativequestionrating", "pk": 184, "fields": {"respondent": 54, "timestamp": "2018-04-19T11:33:40.095Z", "score": 2, "question": 16}}, {"model": "pcari.quantitativequestionrating", "pk": 185, "fields": {"respondent": 54, "timestamp": "2018-04-19T11:33:40.103Z", "score": 5, "question": 1}}, {"model": "pcari.quantitativequestionrating", "pk": 186, "fields": {"respondent": 54, "timestamp": "2018-04-19T11:33:40.110Z", "score": 2, "question": 3}}, {"model": "pcari.quantitativequestionrating", "pk": 187, "fields": {"respondent": 54, "timestamp": "2018-04-19T11:33:40.116Z", "score": 2, "question": 2}}, {"model": "pcari.quantitativequestionrating", "pk": 188, "fields": {"respondent": 54, "timestamp": "2018-04-19T11:33:40.122Z", "score": 3, "question": 5}}, {"model": "pcari.quantitativequestionrating", "pk": 189, "fields": {"respondent": 54, "timestamp": "2018-04-19T11:33:40.129Z", "score": 4, "question": 4}}, {"model": "pcari.quantitativequestionrating", "pk": 190, "fields": {"respondent": 54, "timestamp": "2018-04-19T11:33:40.135Z", "score": 2, "question": 7}}, {"model": "pcari.quantitativequestionrating", "pk": 191, "fields": {"respondent": 54, "timestamp": "2018-04-19T11:33:40.143Z", "score": 2, "question": 6}}, {"model": "pcari.quantitativequestionrating", "pk": 192, "fields": {"respondent": 54, "timestamp": "2018-04-19T11:33:40.152Z", "score": 3, "question": 9}}, {"model": "pcari.quantitativequestionrating", "pk": 193, "fields": {"respondent": 55, "timestamp": "2018-04-19T11:34:20.897Z", "score": 4, "question": 11}}, {"model": "pcari.quantitativequestionrating", "pk": 194, "fields": {"respondent": 55, "timestamp": "2018-04-19T11:34:20.918Z", "score": 5, "question": 10}}, {"model": "pcari.quantitativequestionrating", "pk": 195, "fields": {"respondent": 55, "timestamp": "2018-04-19T11:34:20.927Z", "score": 3, "question": 13}}, {"model": "pcari.quantitativequestionrating", "pk": 196, "fields": {"respondent": 55, "timestamp": "2018-04-19T11:34:20.937Z", "score": 2, "question": 12}}, {"model": "pcari.quantitativequestionrating", "pk": 197, "fields": {"respondent": 55, "timestamp": "2018-04-19T11:34:20.947Z", "score": 4, "question": 15}}, {"model": "pcari.quantitativequestionrating", "pk": 198, "fields": {"respondent": 55, "timestamp": "2018-04-19T11:34:20.954Z", "score": 3, "question": 14}}, {"model": "pcari.quantitativequestionrating", "pk": 199, "fields": {"respondent": 55, "timestamp": "2018-04-19T11:34:20.963Z", "score": 2, "question": 17}}, {"model": "pcari.quantitativequestionrating", "pk": 200, "fields": {"respondent": 55, "timestamp": "2018-04-19T11:34:20.971Z", "score": 2, "question": 16}}, {"model": "pcari.quantitativequestionrating", "pk": 201, "fields": {"respondent": 55, "timestamp": "2018-04-19T11:34:20.978Z", "score": 7, "question": 1}}, {"model": "pcari.quantitativequestionrating", "pk": 202, "fields": {"respondent": 55, "timestamp": "2018-04-19T11:34:20.995Z", "score": 3, "question": 3}}, {"model": "pcari.quantitativequestionrating", "pk": 203, "fields": {"respondent": 55, "timestamp": "2018-04-19T11:34:21.003Z", "score": 2, "question": 2}}, {"model": "pcari.quantitativequestionrating", "pk": 204, "fields": {"respondent": 55, "timestamp": "2018-04-19T11:34:21.012Z", "score": 4, "question": 5}}, {"model": "pcari.quantitativequestionrating", "pk": 205, "fields": {"respondent": 55, "timestamp": "2018-04-19T11:34:21.021Z", "score": 5, "question": 4}}, {"model": "pcari.quantitativequestionrating", "pk": 206, "fields": {"respondent": 55, "timestamp": "2018-04-19T11:34:21.030Z", "score": 2, "question": 7}}, {"model": "pcari.quantitativequestionrating", "pk": 207, "fields": {"respondent": 55, "timestamp": "2018-04-19T11:34:21.038Z", "score": 2, "question": 6}}, {"model": "pcari.quantitativequestionrating", "pk": 208, "fields": {"respondent": 55, "timestamp": "2018-04-19T11:34:21.047Z", "score": 4, "question": 9}}, {"model": "pcari.quantitativequestionrating", "pk": 209, "fields": {"respondent": 56, "timestamp": "2018-04-19T11:37:56.210Z", "score": 4, "question": 11}}, {"model": "pcari.quantitativequestionrating", "pk": 210, "fields": {"respondent": 56, "timestamp": "2018-04-19T11:37:56.227Z", "score": 4, "question": 10}}, {"model": "pcari.quantitativequestionrating", "pk": 211, "fields": {"respondent": 56, "timestamp": "2018-04-19T11:37:56.236Z", "score": 3, "question": 13}}, {"model": "pcari.quantitativequestionrating", "pk": 212, "fields": {"respondent": 56, "timestamp": "2018-04-19T11:37:56.245Z", "score": 2, "question": 12}}, {"model": "pcari.quantitativequestionrating", "pk": 213, "fields": {"respondent": 56, "timestamp": "2018-04-19T11:37:56.253Z", "score": 4, "question": 15}}, {"model": "pcari.quantitativequestionrating", "pk": 214, "fields": {"respondent": 56, "timestamp": "2018-04-19T11:37:56.264Z", "score": 2, "question": 14}}, {"model": "pcari.quantitativequestionrating", "pk": 215, "fields": {"respondent": 56, "timestamp": "2018-04-19T11:37:56.270Z", "score": 1, "question": 17}}, {"model": "pcari.quantitativequestionrating", "pk": 216, "fields": {"respondent": 56, "timestamp": "2018-04-19T11:37:56.278Z", "score": 1, "question": 16}}, {"model": "pcari.quantitativequestionrating", "pk": 217, "fields": {"respondent": 56, "timestamp": "2018-04-19T11:37:56.294Z", "score": 4, "question": 1}}, {"model": "pcari.quantitativequestionrating", "pk": 218, "fields": {"respondent": 56, "timestamp": "2018-04-19T11:37:56.301Z", "score": 3, "question": 3}}, {"model": "pcari.quantitativequestionrating", "pk": 219, "fields": {"respondent": 56, "timestamp": "2018-04-19T11:37:56.306Z", "score": 2, "question": 2}}, {"model": "pcari.quantitativequestionrating", "pk": 220, "fields": {"respondent": 56, "timestamp": "2018-04-19T11:37:56.313Z", "score": 3, "question": 5}}, {"model": "pcari.quantitativequestionrating", "pk": 221, "fields": {"respondent": 56, "timestamp": "2018-04-19T11:37:56.319Z", "score": 6, "question": 4}}, {"model": "pcari.quantitativequestionrating", "pk": 222, "fields": {"respondent": 56, "timestamp": "2018-04-19T11:37:56.325Z", "score": 1, "question": 7}}, {"model": "pcari.quantitativequestionrating", "pk": 223, "fields": {"respondent": 56, "timestamp": "2018-04-19T11:37:56.333Z", "score": 2, "question": 6}}, {"model": "pcari.quantitativequestionrating", "pk": 224, "fields": {"respondent": 56, "timestamp": "2018-04-19T11:37:56.340Z", "score": 4, "question": 9}}, {"model": "pcari.quantitativequestionrating", "pk": 225, "fields": {"respondent": 57, "timestamp": "2018-04-19T11:38:12.855Z", "score": 3, "question": 11}}, {"model": "pcari.quantitativequestionrating", "pk": 226, "fields": {"respondent": 57, "timestamp": "2018-04-19T11:38:12.865Z", "score": 4, "question": 10}}, {"model": "pcari.quantitativequestionrating", "pk": 227, "fields": {"respondent": 57, "timestamp": "2018-04-19T11:38:12.875Z", "score": 1, "question": 13}}, {"model": "pcari.quantitativequestionrating", "pk": 228, "fields": {"respondent": 57, "timestamp": "2018-04-19T11:38:12.881Z", "score": 1, "question": 12}}, {"model": "pcari.quantitativequestionrating", "pk": 229, "fields": {"respondent": 57, "timestamp": "2018-04-19T11:38:12.891Z", "score": 3, "question": 15}}, {"model": "pcari.quantitativequestionrating", "pk": 230, "fields": {"respondent": 57, "timestamp": "2018-04-19T11:38:12.899Z", "score": 3, "question": 14}}, {"model": "pcari.quantitativequestionrating", "pk": 231, "fields": {"respondent": 57, "timestamp": "2018-04-19T11:38:12.907Z", "score": 2, "question": 17}}, {"model": "pcari.quantitativequestionrating", "pk": 232, "fields": {"respondent": 57, "timestamp": "2018-04-19T11:38:12.915Z", "score": 2, "question": 16}}, {"model": "pcari.quantitativequestionrating", "pk": 233, "fields": {"respondent": 57, "timestamp": "2018-04-19T11:38:12.922Z", "score": 7, "question": 1}}, {"model": "pcari.quantitativequestionrating", "pk": 234, "fields": {"respondent": 57, "timestamp": "2018-04-19T11:38:12.930Z", "score": null, "question": 3}}, {"model": "pcari.quantitativequestionrating", "pk": 235, "fields": {"respondent": 57, "timestamp": "2018-04-19T11:38:12.939Z", "score": 2, "question": 2}}, {"model": "pcari.quantitativequestionrating", "pk": 236, "fields": {"respondent": 57, "timestamp": "2018-04-19T11:38:13.045Z", "score": null, "question": 5}}, {"model": "pcari.quantitativequestionrating", "pk": 237, "fields": {"respondent": 57, "timestamp": "2018-04-19T11:38:13.056Z", "score": 5, "question": 4}}, {"model": "pcari.quantitativequestionrating", "pk": 238, "fields": {"respondent": 57, "timestamp": "2018-04-19T11:38:13.067Z", "score": 2, "question": 7}}, {"model": "pcari.quantitativequestionrating", "pk": 239, "fields": {"respondent": 57, "timestamp": "2018-04-19T11:38:13.078Z", "score": 2, "question": 6}}, {"model": "pcari.quantitativequestionrating", "pk": 240, "fields": {"respondent": 57, "timestamp": "2018-04-19T11:38:13.089Z", "score": 4, "question": 9}}, {"model": "pcari.quantitativequestionrating", "pk": 241, "fields": {"respondent": 59, "timestamp": "2018-04-19T11:45:44.059Z", "score": null, "question": 11}}, {"model": "pcari.quantitativequestionrating", "pk": 242, "fields": {"respondent": 59, "timestamp": "2018-04-19T11:45:44.078Z", "score": null, "question": 10}}, {"model": "pcari.quantitativequestionrating", "pk": 243, "fields": {"respondent": 59, "timestamp": "2018-04-19T11:45:44.088Z", "score": null, "question": 13}}, {"model": "pcari.quantitativequestionrating", "pk": 244, "fields": {"respondent": 59, "timestamp": "2018-04-19T11:45:44.098Z", "score": null, "question": 12}}, {"model": "pcari.quantitativequestionrating", "pk": 245, "fields": {"respondent": 59, "timestamp": "2018-04-19T11:45:44.105Z", "score": null, "question": 15}}, {"model": "pcari.quantitativequestionrating", "pk": 246, "fields": {"respondent": 59, "timestamp": "2018-04-19T11:45:44.115Z", "score": null, "question": 14}}, {"model": "pcari.quantitativequestionrating", "pk": 247, "fields": {"respondent": 59, "timestamp": "2018-04-19T11:45:44.122Z", "score": null, "question": 17}}, {"model": "pcari.quantitativequestionrating", "pk": 248, "fields": {"respondent": 59, "timestamp": "2018-04-19T11:45:44.136Z", "score": null, "question": 16}}, {"model": "pcari.quantitativequestionrating", "pk": 249, "fields": {"respondent": 59, "timestamp": "2018-04-19T11:45:44.144Z", "score": null, "question": 1}}, {"model": "pcari.quantitativequestionrating", "pk": 250, "fields": {"respondent": 59, "timestamp": "2018-04-19T11:45:44.154Z", "score": null, "question": 3}}, {"model": "pcari.quantitativequestionrating", "pk": 251, "fields": {"respondent": 59, "timestamp": "2018-04-19T11:45:44.162Z", "score": null, "question": 2}}, {"model": "pcari.quantitativequestionrating", "pk": 252, "fields": {"respondent": 59, "timestamp": "2018-04-19T11:45:44.171Z", "score": null, "question": 5}}, {"model": "pcari.quantitativequestionrating", "pk": 253, "fields": {"respondent": 59, "timestamp": "2018-04-19T11:45:44.183Z", "score": null, "question": 4}}, {"model": "pcari.quantitativequestionrating", "pk": 254, "fields": {"respondent": 59, "timestamp": "2018-04-19T11:45:44.191Z", "score": null, "question": 7}}, {"model": "pcari.quantitativequestionrating", "pk": 255, "fields": {"respondent": 59, "timestamp": "2018-04-19T11:45:44.198Z", "score": null, "question": 6}}, {"model": "pcari.quantitativequestionrating", "pk": 256, "fields": {"respondent": 59, "timestamp": "2018-04-19T11:45:44.205Z", "score": null, "question": 9}}, {"model": "pcari.quantitativequestionrating", "pk": 257, "fields": {"respondent": 60, "timestamp": "2018-04-19T11:50:15.710Z", "score": 4, "question": 11}}, {"model": "pcari.quantitativequestionrating", "pk": 258, "fields": {"respondent": 60, "timestamp": "2018-04-19T11:50:15.741Z", "score": 5, "question": 10}}, {"model": "pcari.quantitativequestionrating", "pk": 259, "fields": {"respondent": 60, "timestamp": "2018-04-19T11:50:15.748Z", "score": 2, "question": 13}}, {"model": "pcari.quantitativequestionrating", "pk": 260, "fields": {"respondent": 60, "timestamp": "2018-04-19T11:50:15.754Z", "score": 2, "question": 12}}, {"model": "pcari.quantitativequestionrating", "pk": 261, "fields": {"respondent": 60, "timestamp": "2018-04-19T11:50:15.760Z", "score": 4, "question": 15}}, {"model": "pcari.quantitativequestionrating", "pk": 262, "fields": {"respondent": 60, "timestamp": "2018-04-19T11:50:15.766Z", "score": 3, "question": 14}}, {"model": "pcari.quantitativequestionrating", "pk": 263, "fields": {"respondent": 60, "timestamp": "2018-04-19T11:50:15.773Z", "score": 2, "question": 17}}, {"model": "pcari.quantitativequestionrating", "pk": 264, "fields": {"respondent": 60, "timestamp": "2018-04-19T11:50:15.784Z", "score": 2, "question": 16}}, {"model": "pcari.quantitativequestionrating", "pk": 265, "fields": {"respondent": 60, "timestamp": "2018-04-19T11:50:15.790Z", "score": null, "question": 1}}, {"model": "pcari.quantitativequestionrating", "pk": 266, "fields": {"respondent": 60, "timestamp": "2018-04-19T11:50:15.797Z", "score": 3, "question": 3}}, {"model": "pcari.quantitativequestionrating", "pk": 267, "fields": {"respondent": 60, "timestamp": "2018-04-19T11:50:15.803Z", "score": 2, "question": 2}}, {"model": "pcari.quantitativequestionrating", "pk": 268, "fields": {"respondent": 60, "timestamp": "2018-04-19T11:50:15.809Z", "score": 4, "question": 5}}, {"model": "pcari.quantitativequestionrating", "pk": 269, "fields": {"respondent": 60, "timestamp": "2018-04-19T11:50:15.815Z", "score": 6, "question": 4}}, {"model": "pcari.quantitativequestionrating", "pk": 270, "fields": {"respondent": 60, "timestamp": "2018-04-19T11:50:15.820Z", "score": 2, "question": 7}}, {"model": "pcari.quantitativequestionrating", "pk": 271, "fields": {"respondent": 60, "timestamp": "2018-04-19T11:50:15.837Z", "score": 2, "question": 6}}, {"model": "pcari.quantitativequestionrating", "pk": 272, "fields": {"respondent": 60, "timestamp": "2018-04-19T11:50:15.847Z", "score": 4, "question": 9}}, {"model": "pcari.quantitativequestionrating", "pk": 273, "fields": {"respondent": 61, "timestamp": "2018-04-19T11:51:39.780Z", "score": 4, "question": 11}}, {"model": "pcari.quantitativequestionrating", "pk": 274, "fields": {"respondent": 61, "timestamp": "2018-04-19T11:51:39.788Z", "score": 4, "question": 10}}, {"model": "pcari.quantitativequestionrating", "pk": 275, "fields": {"respondent": 61, "timestamp": "2018-04-19T11:51:39.803Z", "score": 3, "question": 13}}, {"model": "pcari.quantitativequestionrating", "pk": 276, "fields": {"respondent": 61, "timestamp": "2018-04-19T11:51:39.812Z", "score": 2, "question": 12}}, {"model": "pcari.quantitativequestionrating", "pk": 277, "fields": {"respondent": 61, "timestamp": "2018-04-19T11:51:39.822Z", "score": 4, "question": 15}}, {"model": "pcari.quantitativequestionrating", "pk": 278, "fields": {"respondent": 61, "timestamp": "2018-04-19T11:51:39.833Z", "score": 3, "question": 14}}, {"model": "pcari.quantitativequestionrating", "pk": 279, "fields": {"respondent": 61, "timestamp": "2018-04-19T11:51:39.846Z", "score": 2, "question": 17}}, {"model": "pcari.quantitativequestionrating", "pk": 280, "fields": {"respondent": 61, "timestamp": "2018-04-19T11:51:39.856Z", "score": 2, "question": 16}}, {"model": "pcari.quantitativequestionrating", "pk": 281, "fields": {"respondent": 61, "timestamp": "2018-04-19T11:51:39.863Z", "score": 6, "question": 1}}, {"model": "pcari.quantitativequestionrating", "pk": 282, "fields": {"respondent": 61, "timestamp": "2018-04-19T11:51:39.871Z", "score": 3, "question": 3}}, {"model": "pcari.quantitativequestionrating", "pk": 283, "fields": {"respondent": 61, "timestamp": "2018-04-19T11:51:39.881Z", "score": 4, "question": 5}}, {"model": "pcari.quantitativequestionrating", "pk": 284, "fields": {"respondent": 61, "timestamp": "2018-04-19T11:51:39.889Z", "score": 2, "question": 7}}, {"model": "pcari.quantitativequestionrating", "pk": 285, "fields": {"respondent": 61, "timestamp": "2018-04-19T11:51:39.899Z", "score": 2, "question": 6}}, {"model": "pcari.quantitativequestionrating", "pk": 286, "fields": {"respondent": 61, "timestamp": "2018-04-19T11:51:39.906Z", "score": 4, "question": 9}}, {"model": "pcari.quantitativequestionrating", "pk": 287, "fields": {"respondent": 62, "timestamp": "2018-04-19T11:52:27.923Z", "score": 4, "question": 11}}, {"model": "pcari.quantitativequestionrating", "pk": 288, "fields": {"respondent": 62, "timestamp": "2018-04-19T11:52:27.931Z", "score": 5, "question": 10}}, {"model": "pcari.quantitativequestionrating", "pk": 289, "fields": {"respondent": 62, "timestamp": "2018-04-19T11:52:27.952Z", "score": 3, "question": 13}}, {"model": "pcari.quantitativequestionrating", "pk": 290, "fields": {"respondent": 62, "timestamp": "2018-04-19T11:52:27.966Z", "score": 2, "question": 12}}, {"model": "pcari.quantitativequestionrating", "pk": 291, "fields": {"respondent": 62, "timestamp": "2018-04-19T11:52:27.975Z", "score": 4, "question": 15}}, {"model": "pcari.quantitativequestionrating", "pk": 292, "fields": {"respondent": 62, "timestamp": "2018-04-19T11:52:27.985Z", "score": 3, "question": 14}}, {"model": "pcari.quantitativequestionrating", "pk": 293, "fields": {"respondent": 62, "timestamp": "2018-04-19T11:52:27.992Z", "score": 2, "question": 17}}, {"model": "pcari.quantitativequestionrating", "pk": 294, "fields": {"respondent": 62, "timestamp": "2018-04-19T11:52:28.096Z", "score": 2, "question": 16}}, {"model": "pcari.quantitativequestionrating", "pk": 295, "fields": {"respondent": 62, "timestamp": "2018-04-19T11:52:28.106Z", "score": 6, "question": 1}}, {"model": "pcari.quantitativequestionrating", "pk": 296, "fields": {"respondent": 62, "timestamp": "2018-04-19T11:52:28.119Z", "score": 3, "question": 3}}, {"model": "pcari.quantitativequestionrating", "pk": 297, "fields": {"respondent": 62, "timestamp": "2018-04-19T11:52:28.133Z", "score": 2, "question": 2}}, {"model": "pcari.quantitativequestionrating", "pk": 298, "fields": {"respondent": 62, "timestamp": "2018-04-19T11:52:28.141Z", "score": 4, "question": 5}}, {"model": "pcari.quantitativequestionrating", "pk": 299, "fields": {"respondent": 62, "timestamp": "2018-04-19T11:52:28.151Z", "score": 5, "question": 4}}, {"model": "pcari.quantitativequestionrating", "pk": 300, "fields": {"respondent": 62, "timestamp": "2018-04-19T11:52:28.159Z", "score": 2, "question": 7}}, {"model": "pcari.quantitativequestionrating", "pk": 301, "fields": {"respondent": 62, "timestamp": "2018-04-19T11:52:28.168Z", "score": 2, "question": 6}}, {"model": "pcari.quantitativequestionrating", "pk": 302, "fields": {"respondent": 62, "timestamp": "2018-04-19T11:52:28.184Z", "score": 4, "question": 9}}, {"model": "pcari.quantitativequestionrating", "pk": 303, "fields": {"respondent": 63, "timestamp": "2018-04-19T11:57:10.783Z", "score": null, "question": 11}}, {"model": "pcari.quantitativequestionrating", "pk": 304, "fields": {"respondent": 63, "timestamp": "2018-04-19T11:57:10.793Z", "score": null, "question": 10}}, {"model": "pcari.quantitativequestionrating", "pk": 305, "fields": {"respondent": 63, "timestamp": "2018-04-19T11:57:10.801Z", "score": null, "question": 13}}, {"model": "pcari.quantitativequestionrating", "pk": 306, "fields": {"respondent": 63, "timestamp": "2018-04-19T11:57:10.811Z", "score": null, "question": 12}}, {"model": "pcari.quantitativequestionrating", "pk": 307, "fields": {"respondent": 63, "timestamp": "2018-04-19T11:57:10.820Z", "score": null, "question": 15}}, {"model": "pcari.quantitativequestionrating", "pk": 308, "fields": {"respondent": 63, "timestamp": "2018-04-19T11:57:10.831Z", "score": null, "question": 14}}, {"model": "pcari.quantitativequestionrating", "pk": 309, "fields": {"respondent": 63, "timestamp": "2018-04-19T11:57:10.843Z", "score": null, "question": 17}}, {"model": "pcari.quantitativequestionrating", "pk": 310, "fields": {"respondent": 63, "timestamp": "2018-04-19T11:57:10.855Z", "score": null, "question": 16}}, {"model": "pcari.quantitativequestionrating", "pk": 311, "fields": {"respondent": 63, "timestamp": "2018-04-19T11:57:10.865Z", "score": null, "question": 1}}, {"model": "pcari.quantitativequestionrating", "pk": 312, "fields": {"respondent": 63, "timestamp": "2018-04-19T11:57:10.877Z", "score": null, "question": 3}}, {"model": "pcari.quantitativequestionrating", "pk": 313, "fields": {"respondent": 63, "timestamp": "2018-04-19T11:57:10.888Z", "score": null, "question": 2}}, {"model": "pcari.quantitativequestionrating", "pk": 314, "fields": {"respondent": 63, "timestamp": "2018-04-19T11:57:10.899Z", "score": null, "question": 5}}, {"model": "pcari.quantitativequestionrating", "pk": 315, "fields": {"respondent": 63, "timestamp": "2018-04-19T11:57:10.906Z", "score": null, "question": 4}}, {"model": "pcari.quantitativequestionrating", "pk": 316, "fields": {"respondent": 63, "timestamp": "2018-04-19T11:57:10.915Z", "score": null, "question": 7}}, {"model": "pcari.quantitativequestionrating", "pk": 317, "fields": {"respondent": 63, "timestamp": "2018-04-19T11:57:10.923Z", "score": null, "question": 6}}, {"model": "pcari.quantitativequestionrating", "pk": 318, "fields": {"respondent": 63, "timestamp": "2018-04-19T11:57:10.930Z", "score": null, "question": 9}}, {"model": "pcari.quantitativequestionrating", "pk": 319, "fields": {"respondent": 64, "timestamp": "2018-04-19T11:58:00.464Z", "score": null, "question": 11}}, {"model": "pcari.quantitativequestionrating", "pk": 320, "fields": {"respondent": 64, "timestamp": "2018-04-19T11:58:00.471Z", "score": null, "question": 10}}, {"model": "pcari.quantitativequestionrating", "pk": 321, "fields": {"respondent": 64, "timestamp": "2018-04-19T11:58:00.483Z", "score": null, "question": 13}}, {"model": "pcari.quantitativequestionrating", "pk": 322, "fields": {"respondent": 64, "timestamp": "2018-04-19T11:58:00.492Z", "score": null, "question": 12}}, {"model": "pcari.quantitativequestionrating", "pk": 323, "fields": {"respondent": 64, "timestamp": "2018-04-19T11:58:00.503Z", "score": null, "question": 15}}, {"model": "pcari.quantitativequestionrating", "pk": 324, "fields": {"respondent": 64, "timestamp": "2018-04-19T11:58:00.512Z", "score": null, "question": 14}}, {"model": "pcari.quantitativequestionrating", "pk": 325, "fields": {"respondent": 64, "timestamp": "2018-04-19T11:58:00.523Z", "score": null, "question": 17}}, {"model": "pcari.quantitativequestionrating", "pk": 326, "fields": {"respondent": 64, "timestamp": "2018-04-19T11:58:00.535Z", "score": null, "question": 16}}, {"model": "pcari.quantitativequestionrating", "pk": 327, "fields": {"respondent": 64, "timestamp": "2018-04-19T11:58:00.546Z", "score": null, "question": 1}}, {"model": "pcari.quantitativequestionrating", "pk": 328, "fields": {"respondent": 64, "timestamp": "2018-04-19T11:58:00.555Z", "score": null, "question": 3}}, {"model": "pcari.quantitativequestionrating", "pk": 329, "fields": {"respondent": 64, "timestamp": "2018-04-19T11:58:00.564Z", "score": null, "question": 2}}, {"model": "pcari.quantitativequestionrating", "pk": 330, "fields": {"respondent": 64, "timestamp": "2018-04-19T11:58:00.576Z", "score": null, "question": 5}}, {"model": "pcari.quantitativequestionrating", "pk": 331, "fields": {"respondent": 64, "timestamp": "2018-04-19T11:58:00.587Z", "score": null, "question": 4}}, {"model": "pcari.quantitativequestionrating", "pk": 332, "fields": {"respondent": 64, "timestamp": "2018-04-19T11:58:00.594Z", "score": null, "question": 7}}, {"model": "pcari.quantitativequestionrating", "pk": 333, "fields": {"respondent": 64, "timestamp": "2018-04-19T11:58:00.600Z", "score": null, "question": 6}}, {"model": "pcari.quantitativequestionrating", "pk": 334, "fields": {"respondent": 64, "timestamp": "2018-04-19T11:58:00.615Z", "score": null, "question": 9}}, {"model": "pcari.quantitativequestionrating", "pk": 335, "fields": {"respondent": 65, "timestamp": "2018-04-19T11:59:11.194Z", "score": 4, "question": 11}}, {"model": "pcari.quantitativequestionrating", "pk": 336, "fields": {"respondent": 65, "timestamp": "2018-04-19T11:59:11.201Z", "score": 5, "question": 10}}, {"model": "pcari.quantitativequestionrating", "pk": 337, "fields": {"respondent": 65, "timestamp": "2018-04-19T11:59:11.212Z", "score": 2, "question": 13}}, {"model": "pcari.quantitativequestionrating", "pk": 338, "fields": {"respondent": 65, "timestamp": "2018-04-19T11:59:11.222Z", "score": 1, "question": 12}}, {"model": "pcari.quantitativequestionrating", "pk": 339, "fields": {"respondent": 65, "timestamp": "2018-04-19T11:59:11.231Z", "score": 1, "question": 15}}, {"model": "pcari.quantitativequestionrating", "pk": 340, "fields": {"respondent": 65, "timestamp": "2018-04-19T11:59:11.251Z", "score": 3, "question": 14}}, {"model": "pcari.quantitativequestionrating", "pk": 341, "fields": {"respondent": 65, "timestamp": "2018-04-19T11:59:11.267Z", "score": 1, "question": 17}}, {"model": "pcari.quantitativequestionrating", "pk": 342, "fields": {"respondent": 65, "timestamp": "2018-04-19T11:59:11.276Z", "score": 2, "question": 16}}, {"model": "pcari.quantitativequestionrating", "pk": 343, "fields": {"respondent": 65, "timestamp": "2018-04-19T11:59:11.295Z", "score": 7, "question": 1}}, {"model": "pcari.quantitativequestionrating", "pk": 344, "fields": {"respondent": 65, "timestamp": "2018-04-19T11:59:11.307Z", "score": 2, "question": 3}}, {"model": "pcari.quantitativequestionrating", "pk": 345, "fields": {"respondent": 65, "timestamp": "2018-04-19T11:59:11.313Z", "score": 2, "question": 2}}, {"model": "pcari.quantitativequestionrating", "pk": 346, "fields": {"respondent": 65, "timestamp": "2018-04-19T11:59:11.319Z", "score": 3, "question": 5}}, {"model": "pcari.quantitativequestionrating", "pk": 347, "fields": {"respondent": 65, "timestamp": "2018-04-19T11:59:11.328Z", "score": 3, "question": 4}}, {"model": "pcari.quantitativequestionrating", "pk": 348, "fields": {"respondent": 65, "timestamp": "2018-04-19T11:59:11.337Z", "score": 1, "question": 7}}, {"model": "pcari.quantitativequestionrating", "pk": 349, "fields": {"respondent": 65, "timestamp": "2018-04-19T11:59:11.345Z", "score": 2, "question": 6}}, {"model": "pcari.quantitativequestionrating", "pk": 350, "fields": {"respondent": 65, "timestamp": "2018-04-19T11:59:11.355Z", "score": 2, "question": 9}}, {"model": "pcari.quantitativequestionrating", "pk": 351, "fields": {"respondent": 67, "timestamp": "2018-04-19T12:02:03.009Z", "score": 4, "question": 11}}, {"model": "pcari.quantitativequestionrating", "pk": 352, "fields": {"respondent": 67, "timestamp": "2018-04-19T12:02:03.025Z", "score": 5, "question": 10}}, {"model": "pcari.quantitativequestionrating", "pk": 353, "fields": {"respondent": 67, "timestamp": "2018-04-19T12:02:03.041Z", "score": 2, "question": 13}}, {"model": "pcari.quantitativequestionrating", "pk": 354, "fields": {"respondent": 67, "timestamp": "2018-04-19T12:02:03.050Z", "score": 2, "question": 12}}, {"model": "pcari.quantitativequestionrating", "pk": 355, "fields": {"respondent": 67, "timestamp": "2018-04-19T12:02:03.068Z", "score": 3, "question": 15}}, {"model": "pcari.quantitativequestionrating", "pk": 356, "fields": {"respondent": 67, "timestamp": "2018-04-19T12:02:03.082Z", "score": 3, "question": 14}}, {"model": "pcari.quantitativequestionrating", "pk": 357, "fields": {"respondent": 67, "timestamp": "2018-04-19T12:02:03.093Z", "score": 2, "question": 17}}, {"model": "pcari.quantitativequestionrating", "pk": 358, "fields": {"respondent": 67, "timestamp": "2018-04-19T12:02:03.109Z", "score": 2, "question": 16}}, {"model": "pcari.quantitativequestionrating", "pk": 359, "fields": {"respondent": 67, "timestamp": "2018-04-19T12:02:03.120Z", "score": 5, "question": 1}}, {"model": "pcari.quantitativequestionrating", "pk": 360, "fields": {"respondent": 67, "timestamp": "2018-04-19T12:02:03.129Z", "score": 3, "question": 3}}, {"model": "pcari.quantitativequestionrating", "pk": 361, "fields": {"respondent": 67, "timestamp": "2018-04-19T12:02:03.135Z", "score": 2, "question": 2}}, {"model": "pcari.quantitativequestionrating", "pk": 362, "fields": {"respondent": 67, "timestamp": "2018-04-19T12:02:03.144Z", "score": 3, "question": 5}}, {"model": "pcari.quantitativequestionrating", "pk": 363, "fields": {"respondent": 67, "timestamp": "2018-04-19T12:02:03.149Z", "score": 5, "question": 4}}, {"model": "pcari.quantitativequestionrating", "pk": 364, "fields": {"respondent": 67, "timestamp": "2018-04-19T12:02:03.158Z", "score": 2, "question": 7}}, {"model": "pcari.quantitativequestionrating", "pk": 365, "fields": {"respondent": 67, "timestamp": "2018-04-19T12:02:03.165Z", "score": 2, "question": 6}}, {"model": "pcari.quantitativequestionrating", "pk": 366, "fields": {"respondent": 67, "timestamp": "2018-04-19T12:02:03.172Z", "score": 4, "question": 9}}, {"model": "pcari.quantitativequestionrating", "pk": 367, "fields": {"respondent": 69, "timestamp": "2018-04-19T12:08:30.148Z", "score": 4, "question": 11}}, {"model": "pcari.quantitativequestionrating", "pk": 368, "fields": {"respondent": 69, "timestamp": "2018-04-19T12:08:30.156Z", "score": 5, "question": 10}}, {"model": "pcari.quantitativequestionrating", "pk": 369, "fields": {"respondent": 69, "timestamp": "2018-04-19T12:08:30.173Z", "score": 3, "question": 13}}, {"model": "pcari.quantitativequestionrating", "pk": 370, "fields": {"respondent": 69, "timestamp": "2018-04-19T12:08:30.184Z", "score": 2, "question": 12}}, {"model": "pcari.quantitativequestionrating", "pk": 371, "fields": {"respondent": 69, "timestamp": "2018-04-19T12:08:30.200Z", "score": 4, "question": 15}}, {"model": "pcari.quantitativequestionrating", "pk": 372, "fields": {"respondent": 69, "timestamp": "2018-04-19T12:08:30.211Z", "score": 3, "question": 14}}, {"model": "pcari.quantitativequestionrating", "pk": 373, "fields": {"respondent": 69, "timestamp": "2018-04-19T12:08:30.219Z", "score": 2, "question": 17}}, {"model": "pcari.quantitativequestionrating", "pk": 374, "fields": {"respondent": 69, "timestamp": "2018-04-19T12:08:30.233Z", "score": 2, "question": 16}}, {"model": "pcari.quantitativequestionrating", "pk": 375, "fields": {"respondent": 69, "timestamp": "2018-04-19T12:08:30.245Z", "score": 6, "question": 1}}, {"model": "pcari.quantitativequestionrating", "pk": 376, "fields": {"respondent": 69, "timestamp": "2018-04-19T12:08:30.264Z", "score": 3, "question": 3}}, {"model": "pcari.quantitativequestionrating", "pk": 377, "fields": {"respondent": 69, "timestamp": "2018-04-19T12:08:30.273Z", "score": 2, "question": 2}}, {"model": "pcari.quantitativequestionrating", "pk": 378, "fields": {"respondent": 69, "timestamp": "2018-04-19T12:08:30.280Z", "score": 4, "question": 5}}, {"model": "pcari.quantitativequestionrating", "pk": 379, "fields": {"respondent": 69, "timestamp": "2018-04-19T12:08:30.289Z", "score": 6, "question": 4}}, {"model": "pcari.quantitativequestionrating", "pk": 380, "fields": {"respondent": 69, "timestamp": "2018-04-19T12:08:30.299Z", "score": 2, "question": 7}}, {"model": "pcari.quantitativequestionrating", "pk": 381, "fields": {"respondent": 69, "timestamp": "2018-04-19T12:08:30.314Z", "score": 2, "question": 6}}, {"model": "pcari.quantitativequestionrating", "pk": 382, "fields": {"respondent": 69, "timestamp": "2018-04-19T12:08:30.323Z", "score": 4, "question": 9}}, {"model": "pcari.quantitativequestionrating", "pk": 383, "fields": {"respondent": 70, "timestamp": "2018-04-19T12:09:05.156Z", "score": 4, "question": 11}}, {"model": "pcari.quantitativequestionrating", "pk": 384, "fields": {"respondent": 70, "timestamp": "2018-04-19T12:09:05.270Z", "score": 5, "question": 10}}, {"model": "pcari.quantitativequestionrating", "pk": 385, "fields": {"respondent": 70, "timestamp": "2018-04-19T12:09:05.280Z", "score": 3, "question": 13}}, {"model": "pcari.quantitativequestionrating", "pk": 386, "fields": {"respondent": 70, "timestamp": "2018-04-19T12:09:05.287Z", "score": 2, "question": 12}}, {"model": "pcari.quantitativequestionrating", "pk": 387, "fields": {"respondent": 70, "timestamp": "2018-04-19T12:09:05.295Z", "score": 4, "question": 15}}, {"model": "pcari.quantitativequestionrating", "pk": 388, "fields": {"respondent": 70, "timestamp": "2018-04-19T12:09:05.303Z", "score": 3, "question": 14}}, {"model": "pcari.quantitativequestionrating", "pk": 389, "fields": {"respondent": 70, "timestamp": "2018-04-19T12:09:05.312Z", "score": 2, "question": 17}}, {"model": "pcari.quantitativequestionrating", "pk": 390, "fields": {"respondent": 70, "timestamp": "2018-04-19T12:09:05.324Z", "score": 2, "question": 16}}, {"model": "pcari.quantitativequestionrating", "pk": 391, "fields": {"respondent": 70, "timestamp": "2018-04-19T12:09:05.332Z", "score": 6, "question": 1}}, {"model": "pcari.quantitativequestionrating", "pk": 392, "fields": {"respondent": 70, "timestamp": "2018-04-19T12:09:05.346Z", "score": 3, "question": 3}}, {"model": "pcari.quantitativequestionrating", "pk": 393, "fields": {"respondent": 70, "timestamp": "2018-04-19T12:09:05.359Z", "score": 2, "question": 2}}, {"model": "pcari.quantitativequestionrating", "pk": 394, "fields": {"respondent": 70, "timestamp": "2018-04-19T12:09:05.367Z", "score": 4, "question": 5}}, {"model": "pcari.quantitativequestionrating", "pk": 395, "fields": {"respondent": 70, "timestamp": "2018-04-19T12:09:05.380Z", "score": 6, "question": 4}}, {"model": "pcari.quantitativequestionrating", "pk": 396, "fields": {"respondent": 70, "timestamp": "2018-04-19T12:09:05.390Z", "score": 2, "question": 7}}, {"model": "pcari.quantitativequestionrating", "pk": 397, "fields": {"respondent": 70, "timestamp": "2018-04-19T12:09:05.401Z", "score": 2, "question": 6}}, {"model": "pcari.quantitativequestionrating", "pk": 398, "fields": {"respondent": 70, "timestamp": "2018-04-19T12:09:05.412Z", "score": 4, "question": 9}}, {"model": "pcari.quantitativequestionrating", "pk": 399, "fields": {"respondent": 72, "timestamp": "2018-04-19T12:10:16.107Z", "score": 4, "question": 11}}, {"model": "pcari.quantitativequestionrating", "pk": 400, "fields": {"respondent": 72, "timestamp": "2018-04-19T12:10:16.126Z", "score": 5, "question": 10}}, {"model": "pcari.quantitativequestionrating", "pk": 401, "fields": {"respondent": 72, "timestamp": "2018-04-19T12:10:16.134Z", "score": 3, "question": 13}}, {"model": "pcari.quantitativequestionrating", "pk": 402, "fields": {"respondent": 72, "timestamp": "2018-04-19T12:10:16.144Z", "score": 2, "question": 12}}, {"model": "pcari.quantitativequestionrating", "pk": 403, "fields": {"respondent": 72, "timestamp": "2018-04-19T12:10:16.152Z", "score": 4, "question": 15}}, {"model": "pcari.quantitativequestionrating", "pk": 404, "fields": {"respondent": 72, "timestamp": "2018-04-19T12:10:16.159Z", "score": 3, "question": 14}}, {"model": "pcari.quantitativequestionrating", "pk": 405, "fields": {"respondent": 72, "timestamp": "2018-04-19T12:10:16.170Z", "score": 2, "question": 17}}, {"model": "pcari.quantitativequestionrating", "pk": 406, "fields": {"respondent": 72, "timestamp": "2018-04-19T12:10:16.181Z", "score": 2, "question": 16}}, {"model": "pcari.quantitativequestionrating", "pk": 407, "fields": {"respondent": 72, "timestamp": "2018-04-19T12:10:16.189Z", "score": 7, "question": 1}}, {"model": "pcari.quantitativequestionrating", "pk": 408, "fields": {"respondent": 72, "timestamp": "2018-04-19T12:10:16.212Z", "score": 3, "question": 3}}, {"model": "pcari.quantitativequestionrating", "pk": 409, "fields": {"respondent": 72, "timestamp": "2018-04-19T12:10:16.223Z", "score": 2, "question": 2}}, {"model": "pcari.quantitativequestionrating", "pk": 410, "fields": {"respondent": 72, "timestamp": "2018-04-19T12:10:16.239Z", "score": 4, "question": 5}}, {"model": "pcari.quantitativequestionrating", "pk": 411, "fields": {"respondent": 72, "timestamp": "2018-04-19T12:10:16.248Z", "score": 6, "question": 4}}, {"model": "pcari.quantitativequestionrating", "pk": 412, "fields": {"respondent": 72, "timestamp": "2018-04-19T12:10:16.254Z", "score": 2, "question": 7}}, {"model": "pcari.quantitativequestionrating", "pk": 413, "fields": {"respondent": 72, "timestamp": "2018-04-19T12:10:16.270Z", "score": 2, "question": 6}}, {"model": "pcari.quantitativequestionrating", "pk": 414, "fields": {"respondent": 72, "timestamp": "2018-04-19T12:10:16.280Z", "score": 4, "question": 9}}, {"model": "pcari.commentrating", "pk": 1, "fields": {"respondent": 52, "timestamp": "2018-04-19T11:27:44.851Z", "score": null, "comment": 1}}, {"model": "pcari.commentrating", "pk": 2, "fields": {"respondent": 52, "timestamp": "2018-04-19T11:27:44.860Z", "score": null, "comment": 2}}, {"model": "pcari.commentrating", "pk": 3, "fields": {"respondent": 53, "timestamp": "2018-04-19T11:33:33.948Z", "score": 4, "comment": 1}}, {"model": "pcari.commentrating", "pk": 4, "fields": {"respondent": 53, "timestamp": "2018-04-19T11:33:33.965Z", "score": 3, "comment": 3}}, {"model": "pcari.commentrating", "pk": 5, "fields": {"respondent": 53, "timestamp": "2018-04-19T11:33:33.976Z", "score": 4, "comment": 2}}, {"model": "pcari.commentrating", "pk": 6, "fields": {"respondent": 54, "timestamp": "2018-04-19T11:33:40.179Z", "score": 4, "comment": 1}}, {"model": "pcari.commentrating", "pk": 7, "fields": {"respondent": 54, "timestamp": "2018-04-19T11:33:40.190Z", "score": 4, "comment": 3}}, {"model": "pcari.commentrating", "pk": 8, "fields": {"respondent": 54, "timestamp": "2018-04-19T11:33:40.196Z", "score": 4, "comment": 2}}, {"model": "pcari.commentrating", "pk": 9, "fields": {"respondent": 55, "timestamp": "2018-04-19T11:34:21.204Z", "score": null, "comment": 5}}, {"model": "pcari.commentrating", "pk": 10, "fields": {"respondent": 55, "timestamp": "2018-04-19T11:34:21.230Z", "score": null, "comment": 4}}, {"model": "pcari.commentrating", "pk": 11, "fields": {"respondent": 56, "timestamp": "2018-04-19T11:37:56.347Z", "score": 6, "comment": 3}}, {"model": "pcari.commentrating", "pk": 12, "fields": {"respondent": 56, "timestamp": "2018-04-19T11:37:56.354Z", "score": null, "comment": 2}}, {"model": "pcari.commentrating", "pk": 13, "fields": {"respondent": 57, "timestamp": "2018-04-19T11:38:13.120Z", "score": 4, "comment": 3}}, {"model": "pcari.commentrating", "pk": 14, "fields": {"respondent": 57, "timestamp": "2018-04-19T11:38:13.127Z", "score": 3, "comment": 5}}, {"model": "pcari.commentrating", "pk": 15, "fields": {"respondent": 57, "timestamp": "2018-04-19T11:38:13.138Z", "score": 6, "comment": 4}}, {"model": "pcari.commentrating", "pk": 16, "fields": {"respondent": 57, "timestamp": "2018-04-19T11:38:13.147Z", "score": 5, "comment": 6}}, {"model": "pcari.commentrating", "pk": 17, "fields": {"respondent": 59, "timestamp": "2018-04-19T11:45:44.214Z", "score": null, "comment": 5}}, {"model": "pcari.commentrating", "pk": 18, "fields": {"respondent": 59, "timestamp": "2018-04-19T11:45:44.221Z", "score": null, "comment": 7}}, {"model": "pcari.commentrating", "pk": 19, "fields": {"respondent": 60, "timestamp": "2018-04-19T11:50:15.874Z", "score": 5, "comment": 3}}, {"model": "pcari.commentrating", "pk": 20, "fields": {"respondent": 60, "timestamp": "2018-04-19T11:50:15.880Z", "score": 4, "comment": 5}}, {"model": "pcari.commentrating", "pk": 21, "fields": {"respondent": 60, "timestamp": "2018-04-19T11:50:15.888Z", "score": 3, "comment": 4}}, {"model": "pcari.commentrating", "pk": 22, "fields": {"respondent": 60, "timestamp": "2018-04-19T11:50:15.896Z", "score": 1, "comment": 6}}, {"model": "pcari.commentrating", "pk": 23, "fields": {"respondent": 62, "timestamp": "2018-04-19T11:52:28.222Z", "score": 1, "comment": 3}}, {"model": "pcari.commentrating", "pk": 24, "fields": {"respondent": 62, "timestamp": "2018-04-19T11:52:28.234Z", "score": 6, "comment": 5}}, {"model": "pcari.commentrating", "pk": 25, "fields": {"respondent": 62, "timestamp": "2018-04-19T11:52:28.240Z", "score": 5, "comment": 4}}, {"model": "pcari.commentrating", "pk": 26, "fields": {"respondent": 62, "timestamp": "2018-04-19T11:52:28.249Z", "score": 1, "comment": 7}}, {"model": "pcari.commentrating", "pk": 27, "fields": {"respondent": 62, "timestamp": "2018-04-19T11:52:28.266Z", "score": 5, "comment": 6}}, {"model": "pcari.commentrating", "pk": 28, "fields": {"respondent": 62, "timestamp": "2018-04-19T11:52:28.277Z", "score": 5, "comment": 8}}, {"model": "pcari.commentrating", "pk": 29, "fields": {"respondent": 63, "timestamp": "2018-04-19T11:57:10.939Z", "score": null, "comment": 5}}, {"model": "pcari.commentrating", "pk": 30, "fields": {"respondent": 63, "timestamp": "2018-04-19T11:57:10.947Z", "score": null, "comment": 4}}, {"model": "pcari.commentrating", "pk": 31, "fields": {"respondent": 64, "timestamp": "2018-04-19T11:58:00.668Z", "score": 4, "comment": 9}}, {"model": "pcari.commentrating", "pk": 32, "fields": {"respondent": 64, "timestamp": "2018-04-19T11:58:00.683Z", "score": 5, "comment": 3}}, {"model": "pcari.commentrating", "pk": 33, "fields": {"respondent": 65, "timestamp": "2018-04-19T11:59:11.430Z", "score": 5, "comment": 4}}, {"model": "pcari.commentrating", "pk": 34, "fields": {"respondent": 65, "timestamp": "2018-04-19T11:59:11.436Z", "score": 6, "comment": 7}}, {"model": "pcari.commentrating", "pk": 35, "fields": {"respondent": 67, "timestamp": "2018-04-19T12:02:03.199Z", "score": 3, "comment": 11}}, {"model": "pcari.commentrating", "pk": 36, "fields": {"respondent": 67, "timestamp": "2018-04-19T12:02:03.207Z", "score": 2, "comment": 10}}, {"model": "pcari.commentrating", "pk": 37, "fields": {"respondent": 67, "timestamp": "2018-04-19T12:02:03.218Z", "score": 4, "comment": 3}}, {"model": "pcari.commentrating", "pk": 38, "fields": {"respondent": 67, "timestamp": "2018-04-19T12:02:03.238Z", "score": 2, "comment": 5}}, {"model": "pcari.commentrating", "pk": 39, "fields": {"respondent": 67, "timestamp": "2018-04-19T12:02:03.247Z", "score": 2, "comment": 7}}, {"model": "pcari.commentrating", "pk": 40, "fields": {"respondent": 67, "timestamp": "2018-04-19T12:02:03.254Z", "score": 6, "comment": 6}}, {"model": "pcari.commentrating", "pk": 41, "fields": {"respondent": 67, "timestamp": "2018-04-19T12:02:03.261Z", "score": 2, "comment": 9}}, {"model": "pcari.commentrating", "pk": 42, "fields": {"respondent": 67, "timestamp": "2018-04-19T12:02:03.267Z", "score": 3, "comment": 8}}, {"model": "pcari.commentrating", "pk": 43, "fields": {"respondent": 69, "timestamp": "2018-04-19T12:08:30.405Z", "score": 1, "comment": 11}}, {"model": "pcari.commentrating", "pk": 44, "fields": {"respondent": 69, "timestamp": "2018-04-19T12:08:30.412Z", "score": 4, "comment": 4}}, {"model": "pcari.commentrating", "pk": 45, "fields": {"respondent": 70, "timestamp": "2018-04-19T12:09:05.443Z", "score": 6, "comment": 11}}, {"model": "pcari.commentrating", "pk": 46, "fields": {"respondent": 70, "timestamp": "2018-04-19T12:09:05.453Z", "score": 5, "comment": 12}}, {"model": "pcari.commentrating", "pk": 47, "fields": {"respondent": 70, "timestamp": "2018-04-19T12:09:05.460Z", "score": 5, "comment": 3}}, {"model": "pcari.commentrating", "pk": 48, "fields": {"respondent": 70, "timestamp": "2018-04-19T12:09:05.469Z", "score": 6, "comment": 4}}, {"model": "pcari.commentrating", "pk": 49, "fields": {"respondent": 70, "timestamp": "2018-04-19T12:09:05.476Z", "score": 6, "comment": 7}}, {"model": "pcari.commentrating", "pk": 50, "fields": {"respondent": 70, "timestamp": "2018-04-19T12:09:05.482Z", "score": 6, "comment": 6}}, {"model": "pcari.commentrating", "pk": 51, "fields": {"respondent": 70, "timestamp": "2018-04-19T12:09:05.488Z", "score": 3, "comment": 9}}, {"model": "pcari.commentrating", "pk": 52, "fields": {"respondent": 70, "timestamp": "2018-04-19T12:09:05.494Z", "score": 6, "comment": 8}}, {"model": "pcari.commentrating", "pk": 53, "fields": {"respondent": 72, "timestamp": "2018-04-19T12:10:16.345Z", "score": 4, "comment": 10}}, {"model": "pcari.commentrating", "pk": 54, "fields": {"respondent": 72, "timestamp": "2018-04-19T12:10:16.391Z", "score": 6, "comment": 12}}, {"model": "pcari.comment", "pk": 1, "fields": {"respondent": 50, "timestamp": "2018-04-19T11:11:13.877Z", "question": 1, "language": "", "message": "Test", "flagged": false, "tag": "", "original": null}}, {"model": "pcari.comment", "pk": 2, "fields": {"respondent": 51, "timestamp": "2018-04-19T11:13:04.328Z", "question": 1, "language": "", "message": "Test2", "flagged": false, "tag": "", "original": null}}, {"model": "pcari.comment", "pk": 3, "fields": {"respondent": 52, "timestamp": "2018-04-19T11:27:44.835Z", "question": 1, "language": "", "message": "Test 1", "flagged": false, "tag": "", "original": null}}, {"model": "pcari.comment", "pk": 4, "fields": {"respondent": 53, "timestamp": "2018-04-19T11:33:33.921Z", "question": 1, "language": "", "message": "this is joseph 1", "flagged": false, "tag": "", "original": null}}, {"model": "pcari.comment", "pk": 5, "fields": {"respondent": 54, "timestamp": "2018-04-19T11:33:40.162Z", "question": 1, "language": "", "message": "kahit ano", "flagged": false, "tag": "", "original": null}}, {"model": "pcari.comment", "pk": 6, "fields": {"respondent": 55, "timestamp": "2018-04-19T11:34:21.065Z", "question": 1, "language": "", "message": "test", "flagged": false, "tag": "", "original": null}}, {"model": "pcari.comment", "pk": 7, "fields": {"respondent": 57, "timestamp": "2018-04-19T11:38:13.104Z", "question": 1, "language": "", "message": "this is joseph 2", "flagged": false, "tag": "", "original": null}}, {"model": "pcari.comment", "pk": 8, "fields": {"respondent": 60, "timestamp": "2018-04-19T11:50:15.859Z", "question": 1, "language": "", "message": "this is joseph 3", "flagged": false, "tag": "", "original": null}}, {"model": "pcari.comment", "pk": 9, "fields": {"respondent": 62, "timestamp": "2018-04-19T11:52:28.197Z", "question": 1, "language": "", "message": "jessssss", "flagged": false, "tag": "", "original": null}}, {"model": "pcari.comment", "pk": 10, "fields": {"respondent": 64, "timestamp": "2018-04-19T11:58:00.655Z", "question": 1, "language": "", "message": "none", "flagged": false, "tag": "", "original": null}}, {"model": "pcari.comment", "pk": 11, "fields": {"respondent": 65, "timestamp": "2018-04-19T11:59:11.394Z", "question": 1, "language": "", "message": "This is joseph 4", "flagged": false, "tag": "", "original": null}}, {"model": "pcari.comment", "pk": 12, "fields": {"respondent": 67, "timestamp": "2018-04-19T12:02:03.182Z", "question": 1, "language": "", "message": "jesqwe", "flagged": false, "tag": "", "original": null}}, {"model": "pcari.comment", "pk": 13, "fields": {"respondent": 69, "timestamp": "2018-04-19T12:08:30.338Z", "question": 1, "language": "", "message": "joseph 5", "flagged": false, "tag": "", "original": null}}, {"model": "pcari.comment", "pk": 14, "fields": {"respondent": 70, "timestamp": "2018-04-19T12:09:05.427Z", "question": 1, "language": "", "message": "Owiwiiwiwiwiwiwiw", "flagged": false, "tag": "", "original": null}}, {"model": "pcari.comment", "pk": 15, "fields": {"respondent": 72, "timestamp": "2018-04-19T12:10:16.302Z", "question": 1, "language": "", "message": "joseph 6", "flagged": false, "tag": "", "original": null}}, {"model": "pcari.qualitativequestion", "pk": 1, "fields": {"prompt": "Paka-ehsa a adun a usayaniyan: Atona a e mga myangauuna a awidaakal o di na mga di kabibitiyaraan sa gya darpa iyo na kailngan iyan so kabehgi run sa rarad?", "tag": "1", "order": 1, "enabled": true}}, {"model": "pcari.quantitativequestion", "pk": 1, "fields": {"prompt": "Pira eh membro o mababling sa walay aya?\r\n1 - Isa odi na dua\r\n2 - Tehlo  \r\n3 - Pat\r\n4 - Lima\r\n5 - Nh'm/Nem\r\n6 - Pito\r\n7 - Walo odi ma madakul pun\"", "tag": "1", "order": 1, "enabled": true, "left_anchor": "", "right_anchor": "", "min_score": 1, "max_score": 7, "input_type": "buttons"}}, {"model": "pcari.quantitativequestion", "pk": 2, "fields": {"prompt": "Ba adun a madakul a pangenuken (food) ago ig (water) a matitimo a pamilya para ko kapaguyag ko oras adun a ambal-ambal (disaster).\r\n1 - Adun/Oway\r\n2 - Da", "tag": "16", "order": 16, "enabled": true, "left_anchor": "", "right_anchor": "", "min_score": 1, "max_score": 2, "input_type": "buttons"}}, {"model": "pcari.quantitativequestion", "pk": 3, "fields": {"prompt": "Ba langun o membro a babaling ko walay a mageedad sa nem (6) taman ko sapulo ago pito (17) na dimamagEskwela?\r\n1 - Di/Da 0\r\n2 - Oway 1\r\n3 - Da mageedad sa nem (6) taman sa sapulo ago pito (17)", "tag": "2", "order": 2, "enabled": true, "left_anchor": "", "right_anchor": "", "min_score": 1, "max_score": 3, "input_type": "buttons"}}, {"model": "pcari.quantitativequestion", "pk": 4, "fields": {"prompt": "Ba adun sa gya babalingan eyo na adun a mapiya a disaster evacuation center a adun a mga CR, tulang, clinic ago playground egera a adun a bagyo odi na baha?\r\n1 - Da\r\n2 - Evacuation center adun a comfort room iyan bo\r\n3 - Evacuation center adun a comfort room ago tulang (kitchen)\r\n4 - Evacuation center adun a tulang (kitchen) ago playground\r\n5 - Evacuation center adun playground ago comfort room\r\n6 - Langon a myaaloy na adun", "tag": "15", "order": 15, "enabled": true, "left_anchor": "", "right_anchor": "", "min_score": 1, "max_score": 6, "input_type": "buttons"}}, {"model": "pcari.quantitativequestion", "pk": 5, "fields": {"prompt": "Pira ko mga tao sa walay iyo a adun a galbek eyan apiya isa bo ka oras ko pito gawie?\r\n1 - Da (0)\r\n2 - Isa (2)\r\n3 - Duwa (7)\r\n4 - Tehlo o madakul pun", "tag": "3", "order": 3, "enabled": true, "left_anchor": "", "right_anchor": "", "min_score": 1, "max_score": 4, "input_type": "buttons"}}, {"model": "pcari.quantitativequestion", "pk": 6, "fields": {"prompt": "Ba adun ko membro o pamilya iyo a dimamanae?\r\n1 - Adun/Oway\r\n2 - Da", "tag": "14", "order": 14, "enabled": true, "left_anchor": "", "right_anchor": "", "min_score": 1, "max_score": 2, "input_type": "buttons"}}, {"model": "pcari.quantitativequestion", "pk": 7, "fields": {"prompt": "Ba adun a limpiyo a banyo o di na toilet?\r\n1 - Adun/Oway\r\n2 - Da", "tag": "13", "order": 13, "enabled": true, "left_anchor": "", "right_anchor": "", "min_score": 1, "max_score": 2, "input_type": "buttons"}}, {"model": "pcari.quantitativequestion", "pk": 9, "fields": {"prompt": "Sii  ko rupa kawiwiyag odi na kandagang sa suled o pito gawii, pira ko mga membero sa walay eyo a pababasok, di galbek sa kalasan, dimangisda, taribasok, odi na da agalbek eyan?\r\n1 - Tehlo odi na madul pun\r\n2 - Dua\r\n3 - Isa\r\n4 - Da", "tag": "4", "order": 4, "enabled": true, "left_anchor": "", "right_anchor": "", "min_score": 1, "max_score": 4, "input_type": "buttons"}}, {"model": "pcari.quantitativequestion", "pk": 10, "fields": {"prompt": "Atona eh pinakamapuro a grado myapasad o karauma a babai?\r\n1 - Da a babai a karuma\r\n2 - Da myapasad a grado odi na mikagraduate sa elementary\r\n3 - Myakagraduate sa Elementary o di na myapagHigh School\r\n4 - Myakagraduate sa High School\r\n5 - MyakapagCollege odi na mapuro pun myapasad", "tag": "5", "order": 5, "enabled": true, "left_anchor": "", "right_anchor": "", "min_score": 1, "max_score": 5, "input_type": "buttons"}}, {"model": "pcari.quantitativequestion", "pk": 11, "fields": {"prompt": "Atona klase a kasangkapan so liyo a kehleb iyo puon?\r\n1 - Piyakatimo-tomo/piyanimo a kasangkapan, piyatapitapi ugaid na adun a pyanimo ago makahp a matereyal datar o cogon, nipa, anahaw) odi na myakasausaug odi na makakaph a kasangkapan\r\n2 - Barabarang sao-saug ogaid na mabager a kasangkapan\r\n3 - Mabager a kasangkapan (galvanized iron, aluminum, tile, concrete, brick, stone, wood, plywood, asbestos) \r\n4 - Da walay", "tag": "6", "order": 6, "enabled": true, "left_anchor": "", "right_anchor": "", "min_score": 1, "max_score": 4, "input_type": "buttons"}}, {"model": "pcari.quantitativequestion", "pk": 12, "fields": {"prompt": "So pamilya na adun a sala sets?\r\n1 - Da\r\n2 - Adun", "tag": "7", "order": 7, "enabled": true, "left_anchor": "", "right_anchor": "", "min_score": 1, "max_score": 2, "input_type": "buttons"}}, {"model": "pcari.quantitativequestion", "pk": 13, "fields": {"prompt": "So pamilya na adun a refrigerator/freezer odi na washing machine iyan?\r\n1 - Da\r\n2 - Isa odi na so pud, odi na da langun\r\n3 - Adun ko duwa", "tag": "8", "order": 8, "enabled": true, "left_anchor": "", "right_anchor": "", "min_score": 1, "max_score": 3, "input_type": "buttons"}}, {"model": "pcari.quantitativequestion", "pk": 14, "fields": {"prompt": "Ba so pamilya na adun a Televsion set iyan odi na VTR/VHS/VCD/DVD player iyan?\r\n1 - Da\r\n2 - television bo\r\n3 - VTR/VHS/VCD/DVD player (adun odi na da a TV)", "tag": "9", "order": 9, "enabled": true, "left_anchor": "", "right_anchor": "", "min_score": 1, "max_score": 3, "input_type": "buttons"}}, {"model": "pcari.quantitativequestion", "pk": 15, "fields": {"prompt": "Pira eh telephono odi na celphone adun ko pamilya?\r\n1 - da\r\n2 - Isa\r\n3 - Dua\r\n4 - Tehlo odi na madakul", "tag": "10", "order": 9, "enabled": true, "left_anchor": "", "right_anchor": "", "min_score": 1, "max_score": 4, "input_type": "buttons"}}, {"model": "pcari.quantitativequestion", "pk": 16, "fields": {"prompt": "Ba so pamilya nyu na pakalehpas kuman sa apiya makadua a ehgagabi ko pito gawii?\r\n1 - Adun/Oway\r\n2 - Da", "tag": "11", "order": 11, "enabled": true, "left_anchor": "", "right_anchor": "", "min_score": 1, "max_score": 2, "input_type": "buttons"}}, {"model": "pcari.quantitativequestion", "pk": 17, "fields": {"prompt": "Ba adun a pehkakuwaan iyo sa limpiyo pehkainum a ig?\r\n1 - Adun/Oway\r\n2 - Da", "tag": "12", "order": 12, "enabled": true, "left_anchor": "", "right_anchor": "", "min_score": 1, "max_score": 2, "input_type": "buttons"}}, {"model": "pcari.respondent", "pk": 36, "fields": {"name": "", "address": "", "contact": "", "group": "", "PS": "", "interviewer": "", "PPiIName": "", "PPiIAge": "", "PPiIGender": "", "PPiIQI": "", "PPiIQII": "", "PPiIQIII": "", "PPiIQIV": "", "PPiIIName": "", "PPiIIAge": "", "PPiIIGender": "", "PPiIIQI": "", "PPiIIQII": "", "PPiIIQIII": "", "PPiIIQIV": "", "PPiIIIName": "", "PPiIIIAge": "", "PPiIIIGender": "", "PPiIIIQI": "", "PPiIIIQII": "", "PPiIIIQIII": "", "PPiIIIQIV": "", "PPiIVName": "", "PPiIVAge": "", "PPiIVGender": "", "PPiIVQI": "", "PPiIVQII": "", "PPiIVQIII": "", "PPiIVQIV": "", "PPiVName": "", "PPiVAge": "", "PPiVGender": "", "PPiVQI": "", "PPiVQII": "", "PPiVQIII": "", "PPiVQIV": "", "PPiVIName": "", "PPiVIAge": "", "PPiVIGender": "", "PPiVIQI": "", "PPiVIQII": "", "PPiVIQIII": "", "PPiVIQIV": "", "PPiVIIName": "", "PPiVIIAge": "", "PPiVIIGender": "", "PPiVIIQI": "", "PPiVIIQII": "", "PPiVIIQIII": "", "PPiVIIQIV": "", "PPiVIIIName": "", "PPiVIIIAge": "", "PPiVIIIGender": "", "PPiVIIIQI": "", "PPiVIIIQII": "", "PPiVIIIQIII": "", "PPiVIIIQIV": "", "PPiIXName": "", "PPiIXAge": "", "PPiIXGender": "", "PPiIXQI": "", "PPiIXQII": "", "PPiIXQIII": "", "PPiIXQIV": "", "PPiXName": "", "PPiXAge": "", "PPiXGender": "", "PPiXQI": "", "PPiXQII": "", "PPiXQIII": "", "PPiXQIV": "", "organization": "", "age": null, "gender": "", "location": null, "language": "", "sector": "", "uuid": "8603c8f0-696b-4d12-b485-47b818f914ea"}}, {"model": "pcari.respondent", "pk": 37, "fields": {"name": "", "address": "", "contact": "", "group": "", "PS": "", "interviewer": "", "PPiIName": "", "PPiIAge": "", "PPiIGender": "", "PPiIQI": "", "PPiIQII": "", "PPiIQIII": "", "PPiIQIV": "", "PPiIIName": "", "PPiIIAge": "", "PPiIIGender": "", "PPiIIQI": "", "PPiIIQII": "", "PPiIIQIII": "", "PPiIIQIV": "", "PPiIIIName": "", "PPiIIIAge": "", "PPiIIIGender": "", "PPiIIIQI": "", "PPiIIIQII": "", "PPiIIIQIII": "", "PPiIIIQIV": "", "PPiIVName": "", "PPiIVAge": "", "PPiIVGender": "", "PPiIVQI": "", "PPiIVQII": "", "PPiIVQIII": "", "PPiIVQIV": "", "PPiVName": "", "PPiVAge": "", "PPiVGender": "", "PPiVQI": "", "PPiVQII": "", "PPiVQIII": "", "PPiVQIV": "", "PPiVIName": "", "PPiVIAge": "", "PPiVIGender": "", "PPiVIQI": "", "PPiVIQII": "", "PPiVIQIII": "", "PPiVIQIV": "", "PPiVIIName": "", "PPiVIIAge": "", "PPiVIIGender": "", "PPiVIIQI": "", "PPiVIIQII": "", "PPiVIIQIII": "", "PPiVIIQIV": "", "PPiVIIIName": "", "PPiVIIIAge": "", "PPiVIIIGender": "", "PPiVIIIQI": "", "PPiVIIIQII": "", "PPiVIIIQIII": "", "PPiVIIIQIV": "", "PPiIXName": "", "PPiIXAge": "", "PPiIXGender": "", "PPiIXQI": "", "PPiIXQII": "", "PPiIXQIII": "", "PPiIXQIV": "", "PPiXName": "", "PPiXAge": "", "PPiXGender": "", "PPiXQI": "", "PPiXQII": "", "PPiXQIII": "", "PPiXQIV": "", "organization": "", "age": null, "gender": "", "location": null, "language": "", "sector": "", "uuid": "3e013251-bc7a-48bd-8ee9-359de381e69b"}}, {"model": "pcari.respondent", "pk": 38, "fields": {"name": "", "address": "", "contact": "", "group": "", "PS": "", "interviewer": "", "PPiIName": "", "PPiIAge": "", "PPiIGender": "", "PPiIQI": "", "PPiIQII": "", "PPiIQIII": "", "PPiIQIV": "", "PPiIIName": "", "PPiIIAge": "", "PPiIIGender": "", "PPiIIQI": "", "PPiIIQII": "", "PPiIIQIII": "", "PPiIIQIV": "", "PPiIIIName": "", "PPiIIIAge": "", "PPiIIIGender": "", "PPiIIIQI": "", "PPiIIIQII": "", "PPiIIIQIII": "", "PPiIIIQIV": "", "PPiIVName": "", "PPiIVAge": "", "PPiIVGender": "", "PPiIVQI": "", "PPiIVQII": "", "PPiIVQIII": "", "PPiIVQIV": "", "PPiVName": "", "PPiVAge": "", "PPiVGender": "", "PPiVQI": "", "PPiVQII": "", "PPiVQIII": "", "PPiVQIV": "", "PPiVIName": "", "PPiVIAge": "", "PPiVIGender": "", "PPiVIQI": "", "PPiVIQII": "", "PPiVIQIII": "", "PPiVIQIV": "", "PPiVIIName": "", "PPiVIIAge": "", "PPiVIIGender": "", "PPiVIIQI": "", "PPiVIIQII": "", "PPiVIIQIII": "", "PPiVIIQIV": "", "PPiVIIIName": "", "PPiVIIIAge": "", "PPiVIIIGender": "", "PPiVIIIQI": "", "PPiVIIIQII": "", "PPiVIIIQIII": "", "PPiVIIIQIV": "", "PPiIXName": "", "PPiIXAge": "", "PPiIXGender": "", "PPiIXQI": "", "PPiIXQII": "", "PPiIXQIII": "", "PPiIXQIV": "", "PPiXName": "", "PPiXAge": "", "PPiXGender": "", "PPiXQI": "", "PPiXQII": "", "PPiXQIII": "", "PPiXQIV": "", "organization": "", "age": null, "gender": "", "location": null, "language": "", "sector": "", "uuid": "9a4742fc-ea5c-494b-a2c4-97fb330521e6"}}, {"model": "pcari.respondent", "pk": 39, "fields": {"name": "", "address": "", "contact": "", "group": "", "PS": "", "interviewer": "", "PPiIName": "", "PPiIAge": "", "PPiIGender": "", "PPiIQI": "", "PPiIQII": "", "PPiIQIII": "", "PPiIQIV": "", "PPiIIName": "", "PPiIIAge": "", "PPiIIGender": "", "PPiIIQI": "", "PPiIIQII": "", "PPiIIQIII": "", "PPiIIQIV": "", "PPiIIIName": "", "PPiIIIAge": "", "PPiIIIGender": "", "PPiIIIQI": "", "PPiIIIQII": "", "PPiIIIQIII": "", "PPiIIIQIV": "", "PPiIVName": "", "PPiIVAge": "", "PPiIVGender": "", "PPiIVQI": "", "PPiIVQII": "", "PPiIVQIII": "", "PPiIVQIV": "", "PPiVName": "", "PPiVAge": "", "PPiVGender": "", "PPiVQI": "", "PPiVQII": "", "PPiVQIII": "", "PPiVQIV": "", "PPiVIName": "", "PPiVIAge": "", "PPiVIGender": "", "PPiVIQI": "", "PPiVIQII": "", "PPiVIQIII": "", "PPiVIQIV": "", "PPiVIIName": "", "PPiVIIAge": "", "PPiVIIGender": "", "PPiVIIQI": "", "PPiVIIQII": "", "PPiVIIQIII": "", "PPiVIIQIV": "", "PPiVIIIName": "", "PPiVIIIAge": "", "PPiVIIIGender": "", "PPiVIIIQI": "", "PPiVIIIQII": "", "PPiVIIIQIII": "", "PPiVIIIQIV": "", "PPiIXName": "", "PPiIXAge": "", "PPiIXGender": "", "PPiIXQI": "", "PPiIXQII": "", "PPiIXQIII": "", "PPiIXQIV": "", "PPiXName": "", "PPiXAge": "", "PPiXGender": "", "PPiXQI": "", "PPiXQII": "", "PPiXQIII": "", "PPiXQIV": "", "organization": "", "age": null, "gender": "", "location": null, "language": "", "sector": "", "uuid": "3ca25186-e4a5-40d1-81ef-0f43208d6551"}}, {"model": "pcari.respondent", "pk": 40, "fields": {"name": "", "address": "", "contact": "", "group": "", "PS": "", "interviewer": "", "PPiIName": "", "PPiIAge": "", "PPiIGender": "", "PPiIQI": "", "PPiIQII": "", "PPiIQIII": "", "PPiIQIV": "", "PPiIIName": "", "PPiIIAge": "", "PPiIIGender": "", "PPiIIQI": "", "PPiIIQII": "", "PPiIIQIII": "", "PPiIIQIV": "", "PPiIIIName": "", "PPiIIIAge": "", "PPiIIIGender": "", "PPiIIIQI": "", "PPiIIIQII": "", "PPiIIIQIII": "", "PPiIIIQIV": "", "PPiIVName": "", "PPiIVAge": "", "PPiIVGender": "", "PPiIVQI": "", "PPiIVQII": "", "PPiIVQIII": "", "PPiIVQIV": "", "PPiVName": "", "PPiVAge": "", "PPiVGender": "", "PPiVQI": "", "PPiVQII": "", "PPiVQIII": "", "PPiVQIV": "", "PPiVIName": "", "PPiVIAge": "", "PPiVIGender": "", "PPiVIQI": "", "PPiVIQII": "", "PPiVIQIII": "", "PPiVIQIV": "", "PPiVIIName": "", "PPiVIIAge": "", "PPiVIIGender": "", "PPiVIIQI": "", "PPiVIIQII": "", "PPiVIIQIII": "", "PPiVIIQIV": "", "PPiVIIIName": "", "PPiVIIIAge": "", "PPiVIIIGender": "", "PPiVIIIQI": "", "PPiVIIIQII": "", "PPiVIIIQIII": "", "PPiVIIIQIV": "", "PPiIXName": "", "PPiIXAge": "", "PPiIXGender": "", "PPiIXQI": "", "PPiIXQII": "", "PPiIXQIII": "", "PPiIXQIV": "", "PPiXName": "", "PPiXAge": "", "PPiXGender": "", "PPiXQI": "", "PPiXQII": "", "PPiXQIII": "", "PPiXQIV": "", "organization": "", "age": null, "gender": "", "location": null, "language": "", "sector": "", "uuid": "576f1522-2b4b-46f9-9185-2f7f7736d3ea"}}, {"model": "pcari.respondent", "pk": 41, "fields": {"name": "", "address": "", "contact": "", "group": "", "PS": "", "interviewer": "", "PPiIName": "", "PPiIAge": "", "PPiIGender": "", "PPiIQI": "", "PPiIQII": "", "PPiIQIII": "", "PPiIQIV": "", "PPiIIName": "", "PPiIIAge": "", "PPiIIGender": "", "PPiIIQI": "", "PPiIIQII": "", "PPiIIQIII": "", "PPiIIQIV": "", "PPiIIIName": "", "PPiIIIAge": "", "PPiIIIGender": "", "PPiIIIQI": "", "PPiIIIQII": "", "PPiIIIQIII": "", "PPiIIIQIV": "", "PPiIVName": "", "PPiIVAge": "", "PPiIVGender": "", "PPiIVQI": "", "PPiIVQII": "", "PPiIVQIII": "", "PPiIVQIV": "", "PPiVName": "", "PPiVAge": "", "PPiVGender": "", "PPiVQI": "", "PPiVQII": "", "PPiVQIII": "", "PPiVQIV": "", "PPiVIName": "", "PPiVIAge": "", "PPiVIGender": "", "PPiVIQI": "", "PPiVIQII": "", "PPiVIQIII": "", "PPiVIQIV": "", "PPiVIIName": "", "PPiVIIAge": "", "PPiVIIGender": "", "PPiVIIQI": "", "PPiVIIQII": "", "PPiVIIQIII": "", "PPiVIIQIV": "", "PPiVIIIName": "", "PPiVIIIAge": "", "PPiVIIIGender": "", "PPiVIIIQI": "", "PPiVIIIQII": "", "PPiVIIIQIII": "", "PPiVIIIQIV": "", "PPiIXName": "", "PPiIXAge": "", "PPiIXGender": "", "PPiIXQI": "", "PPiIXQII": "", "PPiIXQIII": "", "PPiIXQIV": "", "PPiXName": "", "PPiXAge": "", "PPiXGender": "", "PPiXQI": "", "PPiXQII": "", "PPiXQIII": "", "PPiXQIV": "", "organization": "", "age": null, "gender": "", "location": null, "language": "", "sector": "", "uuid": "3b35ae80-d9f4-4d94-b66c-6b76929a6a39"}}, {"model": "pcari.respondent", "pk": 42, "fields": {"name": "", "address": "", "contact": "", "group": "", "PS": "", "interviewer": "", "PPiIName": "", "PPiIAge": "", "PPiIGender": "", "PPiIQI": "", "PPiIQII": "", "PPiIQIII": "", "PPiIQIV": "", "PPiIIName": "", "PPiIIAge": "", "PPiIIGender": "", "PPiIIQI": "", "PPiIIQII": "", "PPiIIQIII": "", "PPiIIQIV": "", "PPiIIIName": "", "PPiIIIAge": "", "PPiIIIGender": "", "PPiIIIQI": "", "PPiIIIQII": "", "PPiIIIQIII": "", "PPiIIIQIV": "", "PPiIVName": "", "PPiIVAge": "", "PPiIVGender": "", "PPiIVQI": "", "PPiIVQII": "", "PPiIVQIII": "", "PPiIVQIV": "", "PPiVName": "", "PPiVAge": "", "PPiVGender": "", "PPiVQI": "", "PPiVQII": "", "PPiVQIII": "", "PPiVQIV": "", "PPiVIName": "", "PPiVIAge": "", "PPiVIGender": "", "PPiVIQI": "", "PPiVIQII": "", "PPiVIQIII": "", "PPiVIQIV": "", "PPiVIIName": "", "PPiVIIAge": "", "PPiVIIGender": "", "PPiVIIQI": "", "PPiVIIQII": "", "PPiVIIQIII": "", "PPiVIIQIV": "", "PPiVIIIName": "", "PPiVIIIAge": "", "PPiVIIIGender": "", "PPiVIIIQI": "", "PPiVIIIQII": "", "PPiVIIIQIII": "", "PPiVIIIQIV": "", "PPiIXName": "", "PPiIXAge": "", "PPiIXGender": "", "PPiIXQI": "", "PPiIXQII": "", "PPiIXQIII": "", "PPiIXQIV": "", "PPiXName": "", "PPiXAge": "", "PPiXGender": "", "PPiXQI": "", "PPiXQII": "", "PPiXQIII": "", "PPiXQIV": "", "organization": "", "age": null, "gender": "", "location": null, "language": "", "sector": "", "uuid": "cb1f9d6f-babc-4947-9ca6-f454d0026dd9"}}, {"model": "pcari.respondent", "pk": 43, "fields": {"name": "", "address": "", "contact": "", "group": "", "PS": "", "interviewer": "", "PPiIName": "", "PPiIAge": "", "PPiIGender": "", "PPiIQI": "", "PPiIQII": "", "PPiIQIII": "", "PPiIQIV": "", "PPiIIName": "", "PPiIIAge": "", "PPiIIGender": "", "PPiIIQI": "", "PPiIIQII": "", "PPiIIQIII": "", "PPiIIQIV": "", "PPiIIIName": "", "PPiIIIAge": "", "PPiIIIGender": "", "PPiIIIQI": "", "PPiIIIQII": "", "PPiIIIQIII": "", "PPiIIIQIV": "", "PPiIVName": "", "PPiIVAge": "", "PPiIVGender": "", "PPiIVQI": "", "PPiIVQII": "", "PPiIVQIII": "", "PPiIVQIV": "", "PPiVName": "", "PPiVAge": "", "PPiVGender": "", "PPiVQI": "", "PPiVQII": "", "PPiVQIII": "", "PPiVQIV": "", "PPiVIName": "", "PPiVIAge": "", "PPiVIGender": "", "PPiVIQI": "", "PPiVIQII": "", "PPiVIQIII": "", "PPiVIQIV": "", "PPiVIIName": "", "PPiVIIAge": "", "PPiVIIGender": "", "PPiVIIQI": "", "PPiVIIQII": "", "PPiVIIQIII": "", "PPiVIIQIV": "", "PPiVIIIName": "", "PPiVIIIAge": "", "PPiVIIIGender": "", "PPiVIIIQI": "", "PPiVIIIQII": "", "PPiVIIIQIII": "", "PPiVIIIQIV": "", "PPiIXName": "", "PPiIXAge": "", "PPiIXGender": "", "PPiIXQI": "", "PPiIXQII": "", "PPiIXQIII": "", "PPiIXQIV": "", "PPiXName": "", "PPiXAge": "", "PPiXGender": "", "PPiXQI": "", "PPiXQII": "", "PPiXQIII": "", "PPiXQIV": "", "organization": "", "age": null, "gender": "", "location": null, "language": "", "sector": "", "uuid": "9189aa5a-4ddc-44f5-90e5-efc6c20a46df"}}, {"model": "pcari.respondent", "pk": 44, "fields": {"name": "", "address": "", "contact": "", "group": "", "PS": "", "interviewer": "", "PPiIName": "", "PPiIAge": "", "PPiIGender": "", "PPiIQI": "", "PPiIQII": "", "PPiIQIII": "", "PPiIQIV": "", "PPiIIName": "", "PPiIIAge": "", "PPiIIGender": "", "PPiIIQI": "", "PPiIIQII": "", "PPiIIQIII": "", "PPiIIQIV": "", "PPiIIIName": "", "PPiIIIAge": "", "PPiIIIGender": "", "PPiIIIQI": "", "PPiIIIQII": "", "PPiIIIQIII": "", "PPiIIIQIV": "", "PPiIVName": "", "PPiIVAge": "", "PPiIVGender": "", "PPiIVQI": "", "PPiIVQII": "", "PPiIVQIII": "", "PPiIVQIV": "", "PPiVName": "", "PPiVAge": "", "PPiVGender": "", "PPiVQI": "", "PPiVQII": "", "PPiVQIII": "", "PPiVQIV": "", "PPiVIName": "", "PPiVIAge": "", "PPiVIGender": "", "PPiVIQI": "", "PPiVIQII": "", "PPiVIQIII": "", "PPiVIQIV": "", "PPiVIIName": "", "PPiVIIAge": "", "PPiVIIGender": "", "PPiVIIQI": "", "PPiVIIQII": "", "PPiVIIQIII": "", "PPiVIIQIV": "", "PPiVIIIName": "", "PPiVIIIAge": "", "PPiVIIIGender": "", "PPiVIIIQI": "", "PPiVIIIQII": "", "PPiVIIIQIII": "", "PPiVIIIQIV": "", "PPiIXName": "", "PPiIXAge": "", "PPiIXGender": "", "PPiIXQI": "", "PPiIXQII": "", "PPiIXQIII": "", "PPiIXQIV": "", "PPiXName": "", "PPiXAge": "", "PPiXGender": "", "PPiXQI": "", "PPiXQII": "", "PPiXQIII": "", "PPiXQIV": "", "organization": "", "age": null, "gender": "", "location": null, "language": "", "sector": "", "uuid": "217ee4e0-c2be-4f42-a854-088faf9c3409"}}, {"model": "pcari.respondent", "pk": 45, "fields": {"name": "", "address": "", "contact": "", "group": "", "PS": "", "interviewer": "", "PPiIName": "", "PPiIAge": "", "PPiIGender": "", "PPiIQI": "", "PPiIQII": "", "PPiIQIII": "", "PPiIQIV": "", "PPiIIName": "", "PPiIIAge": "", "PPiIIGender": "", "PPiIIQI": "", "PPiIIQII": "", "PPiIIQIII": "", "PPiIIQIV": "", "PPiIIIName": "", "PPiIIIAge": "", "PPiIIIGender": "", "PPiIIIQI": "", "PPiIIIQII": "", "PPiIIIQIII": "", "PPiIIIQIV": "", "PPiIVName": "", "PPiIVAge": "", "PPiIVGender": "", "PPiIVQI": "", "PPiIVQII": "", "PPiIVQIII": "", "PPiIVQIV": "", "PPiVName": "", "PPiVAge": "", "PPiVGender": "", "PPiVQI": "", "PPiVQII": "", "PPiVQIII": "", "PPiVQIV": "", "PPiVIName": "", "PPiVIAge": "", "PPiVIGender": "", "PPiVIQI": "", "PPiVIQII": "", "PPiVIQIII": "", "PPiVIQIV": "", "PPiVIIName": "", "PPiVIIAge": "", "PPiVIIGender": "", "PPiVIIQI": "", "PPiVIIQII": "", "PPiVIIQIII": "", "PPiVIIQIV": "", "PPiVIIIName": "", "PPiVIIIAge": "", "PPiVIIIGender": "", "PPiVIIIQI": "", "PPiVIIIQII": "", "PPiVIIIQIII": "", "PPiVIIIQIV": "", "PPiIXName": "", "PPiIXAge": "", "PPiIXGender": "", "PPiIXQI": "", "PPiIXQII": "", "PPiIXQIII": "", "PPiIXQIV": "", "PPiXName": "", "PPiXAge": "", "PPiXGender": "", "PPiXQI": "", "PPiXQII": "", "PPiXQIII": "", "PPiXQIV": "", "organization": "", "age": null, "gender": "", "location": null, "language": "", "sector": "", "uuid": "c4d2c80c-5d02-48ba-98d6-d7ac92e4975e"}}, {"model": "pcari.respondent", "pk": 46, "fields": {"name": "", "address": "", "contact": "", "group": "", "PS": "", "interviewer": "", "PPiIName": "", "PPiIAge": "", "PPiIGender": "", "PPiIQI": "", "PPiIQII": "", "PPiIQIII": "", "PPiIQIV": "", "PPiIIName": "", "PPiIIAge": "", "PPiIIGender": "", "PPiIIQI": "", "PPiIIQII": "", "PPiIIQIII": "", "PPiIIQIV": "", "PPiIIIName": "", "PPiIIIAge": "", "PPiIIIGender": "", "PPiIIIQI": "", "PPiIIIQII": "", "PPiIIIQIII": "", "PPiIIIQIV": "", "PPiIVName": "", "PPiIVAge": "", "PPiIVGender": "", "PPiIVQI": "", "PPiIVQII": "", "PPiIVQIII": "", "PPiIVQIV": "", "PPiVName": "", "PPiVAge": "", "PPiVGender": "", "PPiVQI": "", "PPiVQII": "", "PPiVQIII": "", "PPiVQIV": "", "PPiVIName": "", "PPiVIAge": "", "PPiVIGender": "", "PPiVIQI": "", "PPiVIQII": "", "PPiVIQIII": "", "PPiVIQIV": "", "PPiVIIName": "", "PPiVIIAge": "", "PPiVIIGender": "", "PPiVIIQI": "", "PPiVIIQII": "", "PPiVIIQIII": "", "PPiVIIQIV": "", "PPiVIIIName": "", "PPiVIIIAge": "", "PPiVIIIGender": "", "PPiVIIIQI": "", "PPiVIIIQII": "", "PPiVIIIQIII": "", "PPiVIIIQIV": "", "PPiIXName": "", "PPiIXAge": "", "PPiIXGender": "", "PPiIXQI": "", "PPiIXQII": "", "PPiIXQIII": "", "PPiIXQIV": "", "PPiXName": "", "PPiXAge": "", "PPiXGender": "", "PPiXQI": "", "PPiXQII": "", "PPiXQIII": "", "PPiXQIV": "", "organization": "", "age": null, "gender": "", "location": null, "language": "", "sector": "", "uuid": "416f7d3a-ced0-47f5-9f97-4d4d57eac4ef"}}, {"model": "pcari.respondent", "pk": 47, "fields": {"name": "", "address": "", "contact": "", "group": "", "PS": "", "interviewer": "", "PPiIName": "", "PPiIAge": "", "PPiIGender": "", "PPiIQI": "", "PPiIQII": "", "PPiIQIII": "", "PPiIQIV": "", "PPiIIName": "", "PPiIIAge": "", "PPiIIGender": "", "PPiIIQI": "", "PPiIIQII": "", "PPiIIQIII": "", "PPiIIQIV": "", "PPiIIIName": "", "PPiIIIAge": "", "PPiIIIGender": "", "PPiIIIQI": "", "PPiIIIQII": "", "PPiIIIQIII": "", "PPiIIIQIV": "", "PPiIVName": "", "PPiIVAge": "", "PPiIVGender": "", "PPiIVQI": "", "PPiIVQII": "", "PPiIVQIII": "", "PPiIVQIV": "", "PPiVName": "", "PPiVAge": "", "PPiVGender": "", "PPiVQI": "", "PPiVQII": "", "PPiVQIII": "", "PPiVQIV": "", "PPiVIName": "", "PPiVIAge": "", "PPiVIGender": "", "PPiVIQI": "", "PPiVIQII": "", "PPiVIQIII": "", "PPiVIQIV": "", "PPiVIIName": "", "PPiVIIAge": "", "PPiVIIGender": "", "PPiVIIQI": "", "PPiVIIQII": "", "PPiVIIQIII": "", "PPiVIIQIV": "", "PPiVIIIName": "", "PPiVIIIAge": "", "PPiVIIIGender": "", "PPiVIIIQI": "", "PPiVIIIQII": "", "PPiVIIIQIII": "", "PPiVIIIQIV": "", "PPiIXName": "", "PPiIXAge": "", "PPiIXGender": "", "PPiIXQI": "", "PPiIXQII": "", "PPiIXQIII": "", "PPiIXQIV": "", "PPiXName": "", "PPiXAge": "", "PPiXGender": "", "PPiXQI": "", "PPiXQII": "", "PPiXQIII": "", "PPiXQIV": "", "organization": "", "age": null, "gender": "", "location": null, "language": "", "sector": "", "uuid": "6f9aac2e-c620-4484-96ab-e1f835645bea"}}, {"model": "pcari.respondent", "pk": 48, "fields": {"name": "", "address": "", "contact": "", "group": "", "PS": "", "interviewer": "", "PPiIName": "", "PPiIAge": "", "PPiIGender": "", "PPiIQI": "", "PPiIQII": "", "PPiIQIII": "", "PPiIQIV": "", "PPiIIName": "", "PPiIIAge": "", "PPiIIGender": "", "PPiIIQI": "", "PPiIIQII": "", "PPiIIQIII": "", "PPiIIQIV": "", "PPiIIIName": "", "PPiIIIAge": "", "PPiIIIGender": "", "PPiIIIQI": "", "PPiIIIQII": "", "PPiIIIQIII": "", "PPiIIIQIV": "", "PPiIVName": "", "PPiIVAge": "", "PPiIVGender": "", "PPiIVQI": "", "PPiIVQII": "", "PPiIVQIII": "", "PPiIVQIV": "", "PPiVName": "", "PPiVAge": "", "PPiVGender": "", "PPiVQI": "", "PPiVQII": "", "PPiVQIII": "", "PPiVQIV": "", "PPiVIName": "", "PPiVIAge": "", "PPiVIGender": "", "PPiVIQI": "", "PPiVIQII": "", "PPiVIQIII": "", "PPiVIQIV": "", "PPiVIIName": "", "PPiVIIAge": "", "PPiVIIGender": "", "PPiVIIQI": "", "PPiVIIQII": "", "PPiVIIQIII": "", "PPiVIIQIV": "", "PPiVIIIName": "", "PPiVIIIAge": "", "PPiVIIIGender": "", "PPiVIIIQI": "", "PPiVIIIQII": "", "PPiVIIIQIII": "", "PPiVIIIQIV": "", "PPiIXName": "", "PPiIXAge": "", "PPiIXGender": "", "PPiIXQI": "", "PPiIXQII": "", "PPiIXQIII": "", "PPiIXQIV": "", "PPiXName": "", "PPiXAge": "", "PPiXGender": "", "PPiXQI": "", "PPiXQII": "", "PPiXQIII": "", "PPiXQIV": "", "organization": "", "age": null, "gender": "", "location": null, "language": "", "sector": "", "uuid": "c41eb82d-1bbc-442a-bde9-5efe2e794d35"}}, {"model": "pcari.respondent", "pk": 49, "fields": {"name": "", "address": "", "contact": "", "group": "", "PS": "", "interviewer": "", "PPiIName": "", "PPiIAge": "", "PPiIGender": "", "PPiIQI": "", "PPiIQII": "", "PPiIQIII": "", "PPiIQIV": "", "PPiIIName": "", "PPiIIAge": "", "PPiIIGender": "", "PPiIIQI": "", "PPiIIQII": "", "PPiIIQIII": "", "PPiIIQIV": "", "PPiIIIName": "", "PPiIIIAge": "", "PPiIIIGender": "", "PPiIIIQI": "", "PPiIIIQII": "", "PPiIIIQIII": "", "PPiIIIQIV": "", "PPiIVName": "", "PPiIVAge": "", "PPiIVGender": "", "PPiIVQI": "", "PPiIVQII": "", "PPiIVQIII": "", "PPiIVQIV": "", "PPiVName": "", "PPiVAge": "", "PPiVGender": "", "PPiVQI": "", "PPiVQII": "", "PPiVQIII": "", "PPiVQIV": "", "PPiVIName": "", "PPiVIAge": "", "PPiVIGender": "", "PPiVIQI": "", "PPiVIQII": "", "PPiVIQIII": "", "PPiVIQIV": "", "PPiVIIName": "", "PPiVIIAge": "", "PPiVIIGender": "", "PPiVIIQI": "", "PPiVIIQII": "", "PPiVIIQIII": "", "PPiVIIQIV": "", "PPiVIIIName": "", "PPiVIIIAge": "", "PPiVIIIGender": "", "PPiVIIIQI": "", "PPiVIIIQII": "", "PPiVIIIQIII": "", "PPiVIIIQIV": "", "PPiIXName": "", "PPiIXAge": "", "PPiIXGender": "", "PPiIXQI": "", "PPiIXQII": "", "PPiIXQIII": "", "PPiIXQIV": "", "PPiXName": "", "PPiXAge": "", "PPiXGender": "", "PPiXQI": "", "PPiXQII": "", "PPiXQIII": "", "PPiXQIV": "", "organization": "", "age": null, "gender": "", "location": null, "language": "", "sector": "", "uuid": "ac613168-9ebd-4077-9f25-1f70eae4a94f"}}, {"model": "pcari.respondent", "pk": 50, "fields": {"name": "gg1", "address": "gg1", "contact": "gg1", "group": "gg1", "PS": "4Ps", "interviewer": "gg1", "PPiIName": "ggg", "PPiIAge": "222", "PPiIGender": "M", "PPiIQI": "M", "PPiIQII": "M", "PPiIQIII": "M", "PPiIQIV": "22", "PPiIIName": "ggg", "PPiIIAge": "222", "PPiIIGender": "M", "PPiIIQI": "F", "PPiIIQII": "F", "PPiIIQIII": "M", "PPiIIQIV": "22", "PPiIIIName": "", "PPiIIIAge": "", "PPiIIIGender": "", "PPiIIIQI": "", "PPiIIIQII": "", "PPiIIIQIII": "", "PPiIIIQIV": "", "PPiIVName": "", "PPiIVAge": "", "PPiIVGender": "", "PPiIVQI": "", "PPiIVQII": "", "PPiIVQIII": "", "PPiIVQIV": "", "PPiVName": "", "PPiVAge": "", "PPiVGender": "", "PPiVQI": "", "PPiVQII": "", "PPiVQIII": "", "PPiVQIV": "", "PPiVIName": "", "PPiVIAge": "", "PPiVIGender": "", "PPiVIQI": "", "PPiVIQII": "", "PPiVIQIII": "", "PPiVIQIV": "", "PPiVIIName": "", "PPiVIIAge": "", "PPiVIIGender": "", "PPiVIIQI": "", "PPiVIIQII": "", "PPiVIIQIII": "", "PPiVIIQIV": "", "PPiVIIIName": "", "PPiVIIIAge": "", "PPiVIIIGender": "", "PPiVIIIQI": "", "PPiVIIIQII": "", "PPiVIIIQIII": "", "PPiVIIIQIV": "", "PPiIXName": "", "PPiIXAge": "", "PPiIXGender": "", "PPiIXQI": "", "PPiIXQII": "", "PPiIXQIII": "", "PPiIXQIV": "", "PPiXName": "", "PPiXAge": "", "PPiXGender": "", "PPiXQI": "", "PPiXQII": "", "PPiXQIII": "", "PPiXQIV": "", "organization": "gg1", "age": null, "gender": "", "location": null, "language": "", "sector": "", "uuid": "dc3846b4-3930-48e4-9c79-ce6635a8c38c"}}, {"model": "pcari.respondent", "pk": 51, "fields": {"name": "aa", "address": "aa", "contact": "aa", "group": "aa", "PS": "4Ps", "interviewer": "aa", "PPiIName": "aa", "PPiIAge": "22", "PPiIGender": "M", "PPiIQI": "F", "PPiIQII": "M", "PPiIQIII": "M", "PPiIQIV": "22", "PPiIIName": "aa", "PPiIIAge": "22", "PPiIIGender": "F", "PPiIIQI": "F", "PPiIIQII": "F", "PPiIIQIII": "M", "PPiIIQIV": "22", "PPiIIIName": "aa", "PPiIIIAge": "22", "PPiIIIGender": "M", "PPiIIIQI": "M", "PPiIIIQII": "M", "PPiIIIQIII": "F", "PPiIIIQIV": "33", "PPiIVName": "aa", "PPiIVAge": "34", "PPiIVGender": "M", "PPiIVQI": "M", "PPiIVQII": "M", "PPiIVQIII": "M", "PPiIVQIV": "22", "PPiVName": "22", "PPiVAge": "22", "PPiVGender": "M", "PPiVQI": "F", "PPiVQII": "M", "PPiVQIII": "F", "PPiVQIV": "22", "PPiVIName": "22", "PPiVIAge": "22", "PPiVIGender": "F", "PPiVIQI": "F", "PPiVIQII": "F", "PPiVIQIII": "F", "PPiVIQIV": "44", "PPiVIIName": "222", "PPiVIIAge": "322", "PPiVIIGender": "F", "PPiVIIQI": "M", "PPiVIIQII": "M", "PPiVIIQIII": "F", "PPiVIIQIV": "22", "PPiVIIIName": "33", "PPiVIIIAge": "144", "PPiVIIIGender": "M", "PPiVIIIQI": "F", "PPiVIIIQII": "F", "PPiVIIIQIII": "M", "PPiVIIIQIV": "4444", "PPiIXName": "42", "PPiIXAge": "22", "PPiIXGender": "M", "PPiIXQI": "M", "PPiIXQII": "M", "PPiIXQIII": "F", "PPiIXQIV": "22", "PPiXName": "11", "PPiXAge": "11", "PPiXGender": "M", "PPiXQI": "F", "PPiXQII": "M", "PPiXQIII": "F", "PPiXQIV": "22", "organization": "aa", "age": null, "gender": "", "location": null, "language": "", "sector": "", "uuid": "76ce73ff-74e2-4a68-8958-21e8aa261831"}}, {"model": "pcari.respondent", "pk": 52, "fields": {"name": "22", "address": "22", "contact": "22", "group": "22", "PS": "4Ps", "interviewer": "22", "PPiIName": "22", "PPiIAge": "122", "PPiIGender": "M", "PPiIQI": "Di 5-18", "PPiIQII": "Di 5 o subra", "PPiIQIII": "Da galbek", "PPiIQIV": "22", "PPiIIName": "44", "PPiIIAge": "44", "PPiIIGender": "M", "PPiIIQI": "Oway", "PPiIIQII": "Di", "PPiIIQIII": "Da galbek", "PPiIIQIV": "44", "PPiIIIName": "24", "PPiIIIAge": "22", "PPiIIIGender": "F", "PPiIIIQI": "Di 5-18", "PPiIIIQII": "Oway", "PPiIIIQIII": "Da galbek", "PPiIIIQIV": "42", "PPiIVName": "11", "PPiIVAge": "11", "PPiIVGender": "M", "PPiIVQI": "Di", "PPiIVQII": "Di 5 o subra", "PPiIVQIII": "M", "PPiIVQIV": "44", "PPiVName": "22", "PPiVAge": "333", "PPiVGender": "M", "PPiVQI": "Di 5-18", "PPiVQII": "Di", "PPiVQIII": "Oway", "PPiVQIV": "55", "PPiVIName": "22", "PPiVIAge": "11", "PPiVIGender": "M", "PPiVIQI": "Di 5-18", "PPiVIQII": "Di 5 o subra", "PPiVIQIII": "Oway", "PPiVIQIV": "222", "PPiVIIName": "551", "PPiVIIAge": "12", "PPiVIIGender": "F", "PPiVIIQI": "Di", "PPiVIIQII": "Di", "PPiVIIQIII": "Da galbek", "PPiVIIQIV": "244", "PPiVIIIName": "55", "PPiVIIIAge": "22", "PPiVIIIGender": "M", "PPiVIIIQI": "Di 5-18", "PPiVIIIQII": "Di", "PPiVIIIQIII": "Oway", "PPiVIIIQIV": "244", "PPiIXName": "55", "PPiIXAge": "22", "PPiIXGender": "F", "PPiIXQI": "Di", "PPiIXQII": "Oway", "PPiIXQIII": "Oway", "PPiIXQIV": "22", "PPiXName": "244", "PPiXAge": "22", "PPiXGender": "M", "PPiXQI": "Di", "PPiXQII": "Oway", "PPiXQIII": "Oway", "PPiXQIV": "22", "organization": "22", "age": null, "gender": "", "location": null, "language": "", "sector": "", "uuid": "76b76bae-ca2f-4092-9a7c-7bfb0d0f9bb4"}}, {"model": "pcari.respondent", "pk": 53, "fields": {"name": "joseph", "address": "qiwiw", "contact": "09980633095", "group": "qiwiiw", "PS": "", "interviewer": "sjjwiw", "PPiIName": "marie", "PPiIAge": "50", "PPiIGender": "", "PPiIQI": "", "PPiIQII": "", "PPiIQIII": "", "PPiIQIV": "", "PPiIIName": "", "PPiIIAge": "", "PPiIIGender": "", "PPiIIQI": "", "PPiIIQII": "", "PPiIIQIII": "", "PPiIIQIV": "", "PPiIIIName": "", "PPiIIIAge": "", "PPiIIIGender": "", "PPiIIIQI": "", "PPiIIIQII": "", "PPiIIIQIII": "", "PPiIIIQIV": "", "PPiIVName": "", "PPiIVAge": "", "PPiIVGender": "", "PPiIVQI": "", "PPiIVQII": "", "PPiIVQIII": "", "PPiIVQIV": "", "PPiVName": "", "PPiVAge": "", "PPiVGender": "", "PPiVQI": "", "PPiVQII": "", "PPiVQIII": "", "PPiVQIV": "", "PPiVIName": "", "PPiVIAge": "", "PPiVIGender": "", "PPiVIQI": "", "PPiVIQII": "", "PPiVIQIII": "", "PPiVIQIV": "", "PPiVIIName": "", "PPiVIIAge": "", "PPiVIIGender": "", "PPiVIIQI": "", "PPiVIIQII": "", "PPiVIIQIII": "", "PPiVIIQIV": "", "PPiVIIIName": "", "PPiVIIIAge": "", "PPiVIIIGender": "", "PPiVIIIQI": "", "PPiVIIIQII": "", "PPiVIIIQIII": "", "PPiVIIIQIV": "", "PPiIXName": "", "PPiIXAge": "", "PPiIXGender": "", "PPiIXQI": "", "PPiIXQII": "", "PPiIXQIII": "", "PPiIXQIV": "", "PPiXName": "", "PPiXAge": "", "PPiXGender": "", "PPiXQI": "", "PPiXQII": "", "PPiXQIII": "", "PPiXQIV": "", "organization": "wuwuus", "age": null, "gender": "", "location": null, "language": "", "sector": "", "uuid": "06e7f76d-e060-402a-92fc-06199117fe69"}}, {"model": "pcari.respondent", "pk": 54, "fields": {"name": "zu\u00f1iega", "address": "\u00d1a\u00f1ay", "contact": "msmsjsmsm", "group": "jsmsjsmsms", "PS": "", "interviewer": "jsnsjsnsn", "PPiIName": "jes1", "PPiIAge": "99", "PPiIGender": "", "PPiIQI": "", "PPiIQII": "", "PPiIQIII": "", "PPiIQIV": "jesjesjes", "PPiIIName": "jes2", "PPiIIAge": "99", "PPiIIGender": "", "PPiIIQI": "", "PPiIIQII": "", "PPiIIQIII": "", "PPiIIQIV": "jesjes", "PPiIIIName": "jes3", "PPiIIIAge": "99", "PPiIIIGender": "", "PPiIIIQI": "", "PPiIIIQII": "", "PPiIIIQIII": "", "PPiIIIQIV": "jesjes", "PPiIVName": "jes4", "PPiIVAge": "99", "PPiIVGender": "", "PPiIVQI": "", "PPiIVQII": "", "PPiIVQIII": "", "PPiIVQIV": "jes", "PPiVName": "jes5", "PPiVAge": "99", "PPiVGender": "", "PPiVQI": "", "PPiVQII": "", "PPiVQIII": "", "PPiVQIV": "jes", "PPiVIName": "jes6", "PPiVIAge": "99", "PPiVIGender": "", "PPiVIQI": "", "PPiVIQII": "", "PPiVIQIII": "", "PPiVIQIV": "jes", "PPiVIIName": "jes7", "PPiVIIAge": "16", "PPiVIIGender": "", "PPiVIIQI": "", "PPiVIIQII": "", "PPiVIIQIII": "", "PPiVIIQIV": "jes", "PPiVIIIName": "jes8", "PPiVIIIAge": "92", "PPiVIIIGender": "", "PPiVIIIQI": "", "PPiVIIIQII": "", "PPiVIIIQIII": "", "PPiVIIIQIV": "jezz", "PPiIXName": "jes9", "PPiIXAge": "44", "PPiIXGender": "", "PPiIXQI": "", "PPiIXQII": "", "PPiIXQIII": "", "PPiIXQIV": "kskw", "PPiXName": "jes10", "PPiXAge": "79", "PPiXGender": "", "PPiXQI": "", "PPiXQII": "", "PPiXQIII": "", "PPiXQIV": "hhe", "organization": "hsnshsnsnsnsns", "age": null, "gender": "", "location": null, "language": "", "sector": "", "uuid": "cd898ea1-e4e9-4e3b-9235-6542d4a9f710"}}, {"model": "pcari.respondent", "pk": 55, "fields": {"name": "", "address": "", "contact": "", "group": "", "PS": "", "interviewer": "", "PPiIName": "", "PPiIAge": "", "PPiIGender": "", "PPiIQI": "", "PPiIQII": "", "PPiIQIII": "", "PPiIQIV": "", "PPiIIName": "", "PPiIIAge": "", "PPiIIGender": "", "PPiIIQI": "", "PPiIIQII": "", "PPiIIQIII": "", "PPiIIQIV": "", "PPiIIIName": "", "PPiIIIAge": "", "PPiIIIGender": "", "PPiIIIQI": "", "PPiIIIQII": "", "PPiIIIQIII": "", "PPiIIIQIV": "", "PPiIVName": "", "PPiIVAge": "", "PPiIVGender": "", "PPiIVQI": "", "PPiIVQII": "", "PPiIVQIII": "", "PPiIVQIV": "", "PPiVName": "", "PPiVAge": "", "PPiVGender": "", "PPiVQI": "", "PPiVQII": "", "PPiVQIII": "", "PPiVQIV": "", "PPiVIName": "", "PPiVIAge": "", "PPiVIGender": "", "PPiVIQI": "", "PPiVIQII": "", "PPiVIQIII": "", "PPiVIQIV": "", "PPiVIIName": "", "PPiVIIAge": "", "PPiVIIGender": "", "PPiVIIQI": "", "PPiVIIQII": "", "PPiVIIQIII": "", "PPiVIIQIV": "", "PPiVIIIName": "", "PPiVIIIAge": "", "PPiVIIIGender": "", "PPiVIIIQI": "", "PPiVIIIQII": "", "PPiVIIIQIII": "", "PPiVIIIQIV": "", "PPiIXName": "", "PPiIXAge": "", "PPiIXGender": "", "PPiIXQI": "", "PPiIXQII": "", "PPiIXQIII": "", "PPiIXQIV": "", "PPiXName": "", "PPiXAge": "", "PPiXGender": "", "PPiXQI": "", "PPiXQII": "", "PPiXQIII": "", "PPiXQIV": "", "organization": "", "age": null, "gender": "", "location": null, "language": "", "sector": "", "uuid": "e831471e-5b2e-43a3-9197-080a33106baf"}}, {"model": "pcari.respondent", "pk": 56, "fields": {"name": "", "address": "", "contact": "", "group": "", "PS": "", "interviewer": "", "PPiIName": "", "PPiIAge": "", "PPiIGender": "", "PPiIQI": "", "PPiIQII": "", "PPiIQIII": "", "PPiIQIV": "", "PPiIIName": "", "PPiIIAge": "", "PPiIIGender": "", "PPiIIQI": "", "PPiIIQII": "", "PPiIIQIII": "", "PPiIIQIV": "", "PPiIIIName": "", "PPiIIIAge": "", "PPiIIIGender": "", "PPiIIIQI": "", "PPiIIIQII": "", "PPiIIIQIII": "", "PPiIIIQIV": "", "PPiIVName": "", "PPiIVAge": "", "PPiIVGender": "", "PPiIVQI": "", "PPiIVQII": "", "PPiIVQIII": "", "PPiIVQIV": "", "PPiVName": "", "PPiVAge": "", "PPiVGender": "", "PPiVQI": "", "PPiVQII": "", "PPiVQIII": "", "PPiVQIV": "", "PPiVIName": "", "PPiVIAge": "", "PPiVIGender": "", "PPiVIQI": "", "PPiVIQII": "", "PPiVIQIII": "", "PPiVIQIV": "", "PPiVIIName": "", "PPiVIIAge": "", "PPiVIIGender": "", "PPiVIIQI": "", "PPiVIIQII": "", "PPiVIIQIII": "", "PPiVIIQIV": "", "PPiVIIIName": "", "PPiVIIIAge": "", "PPiVIIIGender": "", "PPiVIIIQI": "", "PPiVIIIQII": "", "PPiVIIIQIII": "", "PPiVIIIQIV": "", "PPiIXName": "", "PPiIXAge": "", "PPiIXGender": "", "PPiIXQI": "", "PPiIXQII": "", "PPiIXQIII": "", "PPiIXQIV": "", "PPiXName": "", "PPiXAge": "", "PPiXGender": "", "PPiXQI": "", "PPiXQII": "", "PPiXQIII": "", "PPiXQIV": "", "organization": "", "age": null, "gender": "", "location": null, "language": "", "sector": "", "uuid": "13ff6434-c4e1-4f53-b851-71cd7b28eaae"}}, {"model": "pcari.respondent", "pk": 57, "fields": {"name": "joseph 2", "address": "po", "contact": "162373737", "group": "agta", "PS": "", "interviewer": "hshh", "PPiIName": "", "PPiIAge": "", "PPiIGender": "", "PPiIQI": "", "PPiIQII": "", "PPiIQIII": "", "PPiIQIV": "", "PPiIIName": "", "PPiIIAge": "", "PPiIIGender": "", "PPiIIQI": "", "PPiIIQII": "", "PPiIIQIII": "", "PPiIIQIV": "", "PPiIIIName": "", "PPiIIIAge": "", "PPiIIIGender": "", "PPiIIIQI": "", "PPiIIIQII": "", "PPiIIIQIII": "", "PPiIIIQIV": "", "PPiIVName": "", "PPiIVAge": "", "PPiIVGender": "", "PPiIVQI": "", "PPiIVQII": "", "PPiIVQIII": "", "PPiIVQIV": "", "PPiVName": "", "PPiVAge": "", "PPiVGender": "", "PPiVQI": "", "PPiVQII": "", "PPiVQIII": "", "PPiVQIV": "", "PPiVIName": "", "PPiVIAge": "", "PPiVIGender": "", "PPiVIQI": "", "PPiVIQII": "", "PPiVIQIII": "", "PPiVIQIV": "", "PPiVIIName": "", "PPiVIIAge": "", "PPiVIIGender": "", "PPiVIIQI": "", "PPiVIIQII": "", "PPiVIIQIII": "", "PPiVIIQIV": "", "PPiVIIIName": "", "PPiVIIIAge": "", "PPiVIIIGender": "", "PPiVIIIQI": "", "PPiVIIIQII": "", "PPiVIIIQIII": "", "PPiVIIIQIV": "", "PPiIXName": "", "PPiIXAge": "", "PPiIXGender": "", "PPiIXQI": "", "PPiIXQII": "", "PPiIXQIII": "", "PPiIXQIV": "", "PPiXName": "", "PPiXAge": "", "PPiXGender": "", "PPiXQI": "", "PPiXQII": "", "PPiXQIII": "", "PPiXQIV": "", "organization": "gsgehew", "age": null, "gender": "", "location": null, "language": "", "sector": "", "uuid": "67cd0ae8-a9c9-4700-a7d0-6869747a7420"}}, {"model": "pcari.respondent", "pk": 58, "fields": {"name": "", "address": "", "contact": "", "group": "", "PS": "", "interviewer": "", "PPiIName": "", "PPiIAge": "", "PPiIGender": "", "PPiIQI": "", "PPiIQII": "", "PPiIQIII": "", "PPiIQIV": "", "PPiIIName": "", "PPiIIAge": "", "PPiIIGender": "", "PPiIIQI": "", "PPiIIQII": "", "PPiIIQIII": "", "PPiIIQIV": "", "PPiIIIName": "", "PPiIIIAge": "", "PPiIIIGender": "", "PPiIIIQI": "", "PPiIIIQII": "", "PPiIIIQIII": "", "PPiIIIQIV": "", "PPiIVName": "", "PPiIVAge": "", "PPiIVGender": "", "PPiIVQI": "", "PPiIVQII": "", "PPiIVQIII": "", "PPiIVQIV": "", "PPiVName": "", "PPiVAge": "", "PPiVGender": "", "PPiVQI": "", "PPiVQII": "", "PPiVQIII": "", "PPiVQIV": "", "PPiVIName": "", "PPiVIAge": "", "PPiVIGender": "", "PPiVIQI": "", "PPiVIQII": "", "PPiVIQIII": "", "PPiVIQIV": "", "PPiVIIName": "", "PPiVIIAge": "", "PPiVIIGender": "", "PPiVIIQI": "", "PPiVIIQII": "", "PPiVIIQIII": "", "PPiVIIQIV": "", "PPiVIIIName": "", "PPiVIIIAge": "", "PPiVIIIGender": "", "PPiVIIIQI": "", "PPiVIIIQII": "", "PPiVIIIQIII": "", "PPiVIIIQIV": "", "PPiIXName": "", "PPiIXAge": "", "PPiIXGender": "", "PPiIXQI": "", "PPiIXQII": "", "PPiIXQIII": "", "PPiIXQIV": "", "PPiXName": "", "PPiXAge": "", "PPiXGender": "", "PPiXQI": "", "PPiXQII": "", "PPiXQIII": "", "PPiXQIV": "", "organization": "", "age": null, "gender": "", "location": null, "language": "", "sector": "", "uuid": "60301921-ed50-418f-ae71-8dd93e8b9555"}}, {"model": "pcari.respondent", "pk": 59, "fields": {"name": "", "address": "", "contact": "", "group": "", "PS": "", "interviewer": "", "PPiIName": "", "PPiIAge": "", "PPiIGender": "", "PPiIQI": "", "PPiIQII": "", "PPiIQIII": "", "PPiIQIV": "", "PPiIIName": "", "PPiIIAge": "", "PPiIIGender": "", "PPiIIQI": "", "PPiIIQII": "", "PPiIIQIII": "", "PPiIIQIV": "", "PPiIIIName": "", "PPiIIIAge": "", "PPiIIIGender": "", "PPiIIIQI": "", "PPiIIIQII": "", "PPiIIIQIII": "", "PPiIIIQIV": "", "PPiIVName": "", "PPiIVAge": "", "PPiIVGender": "", "PPiIVQI": "", "PPiIVQII": "", "PPiIVQIII": "", "PPiIVQIV": "", "PPiVName": "", "PPiVAge": "", "PPiVGender": "", "PPiVQI": "", "PPiVQII": "", "PPiVQIII": "", "PPiVQIV": "", "PPiVIName": "", "PPiVIAge": "", "PPiVIGender": "", "PPiVIQI": "", "PPiVIQII": "", "PPiVIQIII": "", "PPiVIQIV": "", "PPiVIIName": "", "PPiVIIAge": "", "PPiVIIGender": "", "PPiVIIQI": "", "PPiVIIQII": "", "PPiVIIQIII": "", "PPiVIIQIV": "", "PPiVIIIName": "", "PPiVIIIAge": "", "PPiVIIIGender": "", "PPiVIIIQI": "", "PPiVIIIQII": "", "PPiVIIIQIII": "", "PPiVIIIQIV": "", "PPiIXName": "", "PPiIXAge": "", "PPiIXGender": "", "PPiIXQI": "", "PPiIXQII": "", "PPiIXQIII": "", "PPiIXQIV": "", "PPiXName": "", "PPiXAge": "", "PPiXGender": "", "PPiXQI": "", "PPiXQII": "", "PPiXQIII": "", "PPiXQIV": "", "organization": "", "age": null, "gender": "", "location": null, "language": "", "sector": "", "uuid": "bac471f0-e494-45bd-b789-4af81492a4e2"}}, {"model": "pcari.respondent", "pk": 60, "fields": {"name": "joseph 3", "address": "qrwt", "contact": "12345", "group": "agta", "PS": "", "interviewer": "gsgs", "PPiIName": "", "PPiIAge": "", "PPiIGender": "", "PPiIQI": "", "PPiIQII": "", "PPiIQIII": "", "PPiIQIV": "", "PPiIIName": "", "PPiIIAge": "", "PPiIIGender": "", "PPiIIQI": "", "PPiIIQII": "", "PPiIIQIII": "", "PPiIIQIV": "", "PPiIIIName": "", "PPiIIIAge": "", "PPiIIIGender": "", "PPiIIIQI": "", "PPiIIIQII": "", "PPiIIIQIII": "", "PPiIIIQIV": "", "PPiIVName": "", "PPiIVAge": "", "PPiIVGender": "", "PPiIVQI": "", "PPiIVQII": "", "PPiIVQIII": "", "PPiIVQIV": "", "PPiVName": "", "PPiVAge": "", "PPiVGender": "", "PPiVQI": "", "PPiVQII": "", "PPiVQIII": "", "PPiVQIV": "", "PPiVIName": "", "PPiVIAge": "", "PPiVIGender": "", "PPiVIQI": "", "PPiVIQII": "", "PPiVIQIII": "", "PPiVIQIV": "", "PPiVIIName": "", "PPiVIIAge": "", "PPiVIIGender": "", "PPiVIIQI": "", "PPiVIIQII": "", "PPiVIIQIII": "", "PPiVIIQIV": "", "PPiVIIIName": "", "PPiVIIIAge": "", "PPiVIIIGender": "", "PPiVIIIQI": "", "PPiVIIIQII": "", "PPiVIIIQIII": "", "PPiVIIIQIV": "", "PPiIXName": "", "PPiIXAge": "", "PPiIXGender": "", "PPiIXQI": "", "PPiIXQII": "", "PPiIXQIII": "", "PPiIXQIV": "", "PPiXName": "", "PPiXAge": "", "PPiXGender": "", "PPiXQI": "", "PPiXQII": "", "PPiXQIII": "", "PPiXQIV": "", "organization": "hxhx", "age": null, "gender": "", "location": null, "language": "", "sector": "", "uuid": "ca6d0eb5-5479-4707-b7b9-0ff7c5d995dd"}}, {"model": "pcari.respondent", "pk": 61, "fields": {"name": "", "address": "", "contact": "", "group": "", "PS": "", "interviewer": "", "PPiIName": "", "PPiIAge": "", "PPiIGender": "", "PPiIQI": "", "PPiIQII": "", "PPiIQIII": "", "PPiIQIV": "", "PPiIIName": "", "PPiIIAge": "", "PPiIIGender": "", "PPiIIQI": "", "PPiIIQII": "", "PPiIIQIII": "", "PPiIIQIV": "", "PPiIIIName": "", "PPiIIIAge": "", "PPiIIIGender": "", "PPiIIIQI": "", "PPiIIIQII": "", "PPiIIIQIII": "", "PPiIIIQIV": "", "PPiIVName": "", "PPiIVAge": "", "PPiIVGender": "", "PPiIVQI": "", "PPiIVQII": "", "PPiIVQIII": "", "PPiIVQIV": "", "PPiVName": "", "PPiVAge": "", "PPiVGender": "", "PPiVQI": "", "PPiVQII": "", "PPiVQIII": "", "PPiVQIV": "", "PPiVIName": "", "PPiVIAge": "", "PPiVIGender": "", "PPiVIQI": "", "PPiVIQII": "", "PPiVIQIII": "", "PPiVIQIV": "", "PPiVIIName": "", "PPiVIIAge": "", "PPiVIIGender": "", "PPiVIIQI": "", "PPiVIIQII": "", "PPiVIIQIII": "", "PPiVIIQIV": "", "PPiVIIIName": "", "PPiVIIIAge": "", "PPiVIIIGender": "", "PPiVIIIQI": "", "PPiVIIIQII": "", "PPiVIIIQIII": "", "PPiVIIIQIV": "", "PPiIXName": "", "PPiIXAge": "", "PPiIXGender": "", "PPiIXQI": "", "PPiIXQII": "", "PPiIXQIII": "", "PPiIXQIV": "", "PPiXName": "", "PPiXAge": "", "PPiXGender": "", "PPiXQI": "", "PPiXQII": "", "PPiXQIII": "", "PPiXQIV": "", "organization": "", "age": null, "gender": "", "location": null, "language": "", "sector": "", "uuid": "5257ddd5-b977-45dd-b052-333ec840fc4d"}}, {"model": "pcari.respondent", "pk": 62, "fields": {"name": "jje", "address": "jwjs", "contact": "090", "group": "ksmsm", "PS": "", "interviewer": "msksks", "PPiIName": "ksksksksj", "PPiIAge": "71", "PPiIGender": "", "PPiIQI": "", "PPiIQII": "", "PPiIQIII": "", "PPiIQIV": "kk", "PPiIIName": "ksksksksks", "PPiIIAge": "99", "PPiIIGender": "", "PPiIIQI": "", "PPiIIQII": "", "PPiIIQIII": "", "PPiIIQIV": "ksks", "PPiIIIName": "jsjsj", "PPiIIIAge": "52", "PPiIIIGender": "", "PPiIIIQI": "", "PPiIIIQII": "", "PPiIIIQIII": "", "PPiIIIQIV": "kskwkwk", "PPiIVName": "jsj", "PPiIVAge": "43", "PPiIVGender": "", "PPiIVQI": "", "PPiIVQII": "", "PPiIVQIII": "", "PPiIVQIV": "jejw", "PPiVName": "jsjs", "PPiVAge": "22", "PPiVGender": "", "PPiVQI": "", "PPiVQII": "", "PPiVQIII": "", "PPiVQIV": "po", "PPiVIName": "jsjsjs", "PPiVIAge": "55", "PPiVIGender": "", "PPiVIQI": "", "PPiVIQII": "", "PPiVIQIII": "", "PPiVIQIV": "ss", "PPiVIIName": "jes", "PPiVIIAge": "92", "PPiVIIGender": "", "PPiVIIQI": "", "PPiVIIQII": "", "PPiVIIQIII": "", "PPiVIIQIV": "ijw", "PPiVIIIName": "jwkwk", "PPiVIIIAge": "77", "PPiVIIIGender": "", "PPiVIIIQI": "", "PPiVIIIQII": "", "PPiVIIIQIII": "", "PPiVIIIQIV": "jsjs", "PPiIXName": "jje", "PPiIXAge": "66", "PPiIXGender": "", "PPiIXQI": "", "PPiIXQII": "", "PPiIXQIII": "", "PPiIXQIV": "owiiw", "PPiXName": "jsjs", "PPiXAge": "80", "PPiXGender": "", "PPiXQI": "", "PPiXQII": "", "PPiXQIII": "", "PPiXQIV": "iwi", "organization": "jsksks", "age": null, "gender": "", "location": null, "language": "", "sector": "", "uuid": "62b7eb08-8db0-47a4-ba1a-cfda86366547"}}, {"model": "pcari.respondent", "pk": 63, "fields": {"name": "", "address": "", "contact": "", "group": "", "PS": "", "interviewer": "", "PPiIName": "", "PPiIAge": "", "PPiIGender": "", "PPiIQI": "", "PPiIQII": "", "PPiIQIII": "", "PPiIQIV": "", "PPiIIName": "", "PPiIIAge": "", "PPiIIGender": "", "PPiIIQI": "", "PPiIIQII": "", "PPiIIQIII": "", "PPiIIQIV": "", "PPiIIIName": "", "PPiIIIAge": "", "PPiIIIGender": "", "PPiIIIQI": "", "PPiIIIQII": "", "PPiIIIQIII": "", "PPiIIIQIV": "", "PPiIVName": "", "PPiIVAge": "", "PPiIVGender": "", "PPiIVQI": "", "PPiIVQII": "", "PPiIVQIII": "", "PPiIVQIV": "", "PPiVName": "", "PPiVAge": "", "PPiVGender": "", "PPiVQI": "", "PPiVQII": "", "PPiVQIII": "", "PPiVQIV": "", "PPiVIName": "", "PPiVIAge": "", "PPiVIGender": "", "PPiVIQI": "", "PPiVIQII": "", "PPiVIQIII": "", "PPiVIQIV": "", "PPiVIIName": "", "PPiVIIAge": "", "PPiVIIGender": "", "PPiVIIQI": "", "PPiVIIQII": "", "PPiVIIQIII": "", "PPiVIIQIV": "", "PPiVIIIName": "", "PPiVIIIAge": "", "PPiVIIIGender": "", "PPiVIIIQI": "", "PPiVIIIQII": "", "PPiVIIIQIII": "", "PPiVIIIQIV": "", "PPiIXName": "", "PPiIXAge": "", "PPiIXGender": "", "PPiIXQI": "", "PPiIXQII": "", "PPiIXQIII": "", "PPiIXQIV": "", "PPiXName": "", "PPiXAge": "", "PPiXGender": "", "PPiXQI": "", "PPiXQII": "", "PPiXQIII": "", "PPiXQIV": "", "organization": "", "age": null, "gender": "", "location": null, "language": "", "sector": "", "uuid": "d35d86cc-49b1-4cb6-8fd4-03fe9a3f504e"}}, {"model": "pcari.respondent", "pk": 64, "fields": {"name": "", "address": "", "contact": "", "group": "", "PS": "", "interviewer": "", "PPiIName": "", "PPiIAge": "", "PPiIGender": "", "PPiIQI": "", "PPiIQII": "", "PPiIQIII": "", "PPiIQIV": "", "PPiIIName": "", "PPiIIAge": "", "PPiIIGender": "", "PPiIIQI": "", "PPiIIQII": "", "PPiIIQIII": "", "PPiIIQIV": "", "PPiIIIName": "", "PPiIIIAge": "", "PPiIIIGender": "", "PPiIIIQI": "", "PPiIIIQII": "", "PPiIIIQIII": "", "PPiIIIQIV": "", "PPiIVName": "", "PPiIVAge": "", "PPiIVGender": "", "PPiIVQI": "", "PPiIVQII": "", "PPiIVQIII": "", "PPiIVQIV": "", "PPiVName": "", "PPiVAge": "", "PPiVGender": "", "PPiVQI": "", "PPiVQII": "", "PPiVQIII": "", "PPiVQIV": "", "PPiVIName": "", "PPiVIAge": "", "PPiVIGender": "", "PPiVIQI": "", "PPiVIQII": "", "PPiVIQIII": "", "PPiVIQIV": "", "PPiVIIName": "", "PPiVIIAge": "", "PPiVIIGender": "", "PPiVIIQI": "", "PPiVIIQII": "", "PPiVIIQIII": "", "PPiVIIQIV": "", "PPiVIIIName": "", "PPiVIIIAge": "", "PPiVIIIGender": "", "PPiVIIIQI": "", "PPiVIIIQII": "", "PPiVIIIQIII": "", "PPiVIIIQIV": "", "PPiIXName": "", "PPiIXAge": "", "PPiIXGender": "", "PPiIXQI": "", "PPiIXQII": "", "PPiIXQIII": "", "PPiIXQIV": "", "PPiXName": "", "PPiXAge": "", "PPiXGender": "", "PPiXQI": "", "PPiXQII": "", "PPiXQIII": "", "PPiXQIV": "", "organization": "", "age": null, "gender": "", "location": null, "language": "", "sector": "", "uuid": "21f03359-9366-4917-b3a6-705e4892669e"}}, {"model": "pcari.respondent", "pk": 65, "fields": {"name": "josephus", "address": "efefe", "contact": "233", "group": "&45546", "PS": "", "interviewer": "%&%4", "PPiIName": "", "PPiIAge": "", "PPiIGender": "", "PPiIQI": "", "PPiIQII": "", "PPiIQIII": "", "PPiIQIV": "", "PPiIIName": "", "PPiIIAge": "", "PPiIIGender": "", "PPiIIQI": "", "PPiIIQII": "", "PPiIIQIII": "", "PPiIIQIV": "", "PPiIIIName": "", "PPiIIIAge": "", "PPiIIIGender": "", "PPiIIIQI": "", "PPiIIIQII": "", "PPiIIIQIII": "", "PPiIIIQIV": "", "PPiIVName": "", "PPiIVAge": "", "PPiIVGender": "", "PPiIVQI": "", "PPiIVQII": "", "PPiIVQIII": "", "PPiIVQIV": "", "PPiVName": "", "PPiVAge": "", "PPiVGender": "", "PPiVQI": "", "PPiVQII": "", "PPiVQIII": "", "PPiVQIV": "", "PPiVIName": "", "PPiVIAge": "", "PPiVIGender": "", "PPiVIQI": "", "PPiVIQII": "", "PPiVIQIII": "", "PPiVIQIV": "", "PPiVIIName": "", "PPiVIIAge": "", "PPiVIIGender": "", "PPiVIIQI": "", "PPiVIIQII": "", "PPiVIIQIII": "", "PPiVIIQIV": "", "PPiVIIIName": "", "PPiVIIIAge": "", "PPiVIIIGender": "", "PPiVIIIQI": "", "PPiVIIIQII": "", "PPiVIIIQIII": "", "PPiVIIIQIV": "", "PPiIXName": "", "PPiIXAge": "", "PPiIXGender": "", "PPiIXQI": "", "PPiIXQII": "", "PPiIXQIII": "", "PPiIXQIV": "", "PPiXName": "", "PPiXAge": "", "PPiXGender": "", "PPiXQI": "", "PPiXQII": "", "PPiXQIII": "", "PPiXQIV": "", "organization": "343434", "age": null, "gender": "", "location": null, "language": "", "sector": "", "uuid": "0871bae2-51ea-4896-b0b1-f0be72ddafaa"}}, {"model": "pcari.respondent", "pk": 66, "fields": {"name": "", "address": "", "contact": "", "group": "", "PS": "", "interviewer": "", "PPiIName": "", "PPiIAge": "", "PPiIGender": "", "PPiIQI": "", "PPiIQII": "", "PPiIQIII": "", "PPiIQIV": "", "PPiIIName": "", "PPiIIAge": "", "PPiIIGender": "", "PPiIIQI": "", "PPiIIQII": "", "PPiIIQIII": "", "PPiIIQIV": "", "PPiIIIName": "", "PPiIIIAge": "", "PPiIIIGender": "", "PPiIIIQI": "", "PPiIIIQII": "", "PPiIIIQIII": "", "PPiIIIQIV": "", "PPiIVName": "", "PPiIVAge": "", "PPiIVGender": "", "PPiIVQI": "", "PPiIVQII": "", "PPiIVQIII": "", "PPiIVQIV": "", "PPiVName": "", "PPiVAge": "", "PPiVGender": "", "PPiVQI": "", "PPiVQII": "", "PPiVQIII": "", "PPiVQIV": "", "PPiVIName": "", "PPiVIAge": "", "PPiVIGender": "", "PPiVIQI": "", "PPiVIQII": "", "PPiVIQIII": "", "PPiVIQIV": "", "PPiVIIName": "", "PPiVIIAge": "", "PPiVIIGender": "", "PPiVIIQI": "", "PPiVIIQII": "", "PPiVIIQIII": "", "PPiVIIQIV": "", "PPiVIIIName": "", "PPiVIIIAge": "", "PPiVIIIGender": "", "PPiVIIIQI": "", "PPiVIIIQII": "", "PPiVIIIQIII": "", "PPiVIIIQIV": "", "PPiIXName": "", "PPiIXAge": "", "PPiIXGender": "", "PPiIXQI": "", "PPiIXQII": "", "PPiIXQIII": "", "PPiIXQIV": "", "PPiXName": "", "PPiXAge": "", "PPiXGender": "", "PPiXQI": "", "PPiXQII": "", "PPiXQIII": "", "PPiXQIV": "", "organization": "", "age": null, "gender": "", "location": null, "language": "", "sector": "", "uuid": "169e141d-dd25-49e4-a18d-16c778a7d850"}}, {"model": "pcari.respondent", "pk": 67, "fields": {"name": "jjd", "address": "jww", "contact": "ww", "group": "ww", "PS": "", "interviewer": "ww", "PPiIName": "ksk", "PPiIAge": "92", "PPiIGender": "", "PPiIQI": "", "PPiIQII": "", "PPiIQIII": "", "PPiIQIV": "kskwkwk", "PPiIIName": "qww", "PPiIIAge": "88", "PPiIIGender": "", "PPiIIQI": "", "PPiIIQII": "", "PPiIIQIII": "", "PPiIIQIV": "jsjwjw", "PPiIIIName": "jsjs", "PPiIIIAge": "45", "PPiIIIGender": "", "PPiIIIQI": "", "PPiIIIQII": "", "PPiIIIQIII": "", "PPiIIIQIV": "jsjs", "PPiIVName": "iwiwiw", "PPiIVAge": "88", "PPiIVGender": "", "PPiIVQI": "", "PPiIVQII": "", "PPiIVQIII": "", "PPiIVQIV": "kskw", "PPiVName": "wiiw", "PPiVAge": "88", "PPiVGender": "", "PPiVQI": "", "PPiVQII": "", "PPiVQIII": "", "PPiVQIV": "jskw", "PPiVIName": "ww", "PPiVIAge": "66", "PPiVIGender": "", "PPiVIQI": "", "PPiVIQII": "", "PPiVIQIII": "", "PPiVIQIV": "iiww", "PPiVIIName": "ss", "PPiVIIAge": "77", "PPiVIIGender": "", "PPiVIIQI": "", "PPiVIIQII": "", "PPiVIIQIII": "", "PPiVIIQIV": "popo", "PPiVIIIName": "iwiw", "PPiVIIIAge": "77", "PPiVIIIGender": "", "PPiVIIIQI": "", "PPiVIIIQII": "", "PPiVIIIQIII": "", "PPiVIIIQIV": "jeje", "PPiIXName": "jsjs", "PPiIXAge": "87", "PPiIXGender": "", "PPiIXQI": "", "PPiIXQII": "", "PPiIXQIII": "", "PPiIXQIV": "jejw", "PPiXName": "jje", "PPiXAge": "22", "PPiXGender": "", "PPiXQI": "", "PPiXQII": "", "PPiXQIII": "", "PPiXQIV": "iii", "organization": "www", "age": null, "gender": "", "location": null, "language": "", "sector": "", "uuid": "d1eb25e7-7556-4010-813a-289b9982d1f7"}}, {"model": "pcari.respondent", "pk": 68, "fields": {"name": "", "address": "", "contact": "", "group": "", "PS": "", "interviewer": "", "PPiIName": "", "PPiIAge": "", "PPiIGender": "", "PPiIQI": "", "PPiIQII": "", "PPiIQIII": "", "PPiIQIV": "", "PPiIIName": "", "PPiIIAge": "", "PPiIIGender": "", "PPiIIQI": "", "PPiIIQII": "", "PPiIIQIII": "", "PPiIIQIV": "", "PPiIIIName": "", "PPiIIIAge": "", "PPiIIIGender": "", "PPiIIIQI": "", "PPiIIIQII": "", "PPiIIIQIII": "", "PPiIIIQIV": "", "PPiIVName": "", "PPiIVAge": "", "PPiIVGender": "", "PPiIVQI": "", "PPiIVQII": "", "PPiIVQIII": "", "PPiIVQIV": "", "PPiVName": "", "PPiVAge": "", "PPiVGender": "", "PPiVQI": "", "PPiVQII": "", "PPiVQIII": "", "PPiVQIV": "", "PPiVIName": "", "PPiVIAge": "", "PPiVIGender": "", "PPiVIQI": "", "PPiVIQII": "", "PPiVIQIII": "", "PPiVIQIV": "", "PPiVIIName": "", "PPiVIIAge": "", "PPiVIIGender": "", "PPiVIIQI": "", "PPiVIIQII": "", "PPiVIIQIII": "", "PPiVIIQIV": "", "PPiVIIIName": "", "PPiVIIIAge": "", "PPiVIIIGender": "", "PPiVIIIQI": "", "PPiVIIIQII": "", "PPiVIIIQIII": "", "PPiVIIIQIV": "", "PPiIXName": "", "PPiIXAge": "", "PPiIXGender": "", "PPiIXQI": "", "PPiIXQII": "", "PPiIXQIII": "", "PPiIXQIV": "", "PPiXName": "", "PPiXAge": "", "PPiXGender": "", "PPiXQI": "", "PPiXQII": "", "PPiXQIII": "", "PPiXQIV": "", "organization": "", "age": null, "gender": "", "location": null, "language": "", "sector": "", "uuid": "a92a3308-8cb0-4cee-80db-2e13d0def21f"}}, {"model": "pcari.respondent", "pk": 69, "fields": {"name": "", "address": "", "contact": "", "group": "", "PS": "", "interviewer": "", "PPiIName": "", "PPiIAge": "", "PPiIGender": "", "PPiIQI": "", "PPiIQII": "", "PPiIQIII": "", "PPiIQIV": "", "PPiIIName": "", "PPiIIAge": "", "PPiIIGender": "", "PPiIIQI": "", "PPiIIQII": "", "PPiIIQIII": "", "PPiIIQIV": "", "PPiIIIName": "", "PPiIIIAge": "", "PPiIIIGender": "", "PPiIIIQI": "", "PPiIIIQII": "", "PPiIIIQIII": "", "PPiIIIQIV": "", "PPiIVName": "", "PPiIVAge": "", "PPiIVGender": "", "PPiIVQI": "", "PPiIVQII": "", "PPiIVQIII": "", "PPiIVQIV": "", "PPiVName": "", "PPiVAge": "", "PPiVGender": "", "PPiVQI": "", "PPiVQII": "", "PPiVQIII": "", "PPiVQIV": "", "PPiVIName": "", "PPiVIAge": "", "PPiVIGender": "", "PPiVIQI": "", "PPiVIQII": "", "PPiVIQIII": "", "PPiVIQIV": "", "PPiVIIName": "", "PPiVIIAge": "", "PPiVIIGender": "", "PPiVIIQI": "", "PPiVIIQII": "", "PPiVIIQIII": "", "PPiVIIQIV": "", "PPiVIIIName": "", "PPiVIIIAge": "", "PPiVIIIGender": "", "PPiVIIIQI": "", "PPiVIIIQII": "", "PPiVIIIQIII": "", "PPiVIIIQIV": "", "PPiIXName": "", "PPiIXAge": "", "PPiIXGender": "", "PPiIXQI": "", "PPiIXQII": "", "PPiIXQIII": "", "PPiIXQIV": "", "PPiXName": "", "PPiXAge": "", "PPiXGender": "", "PPiXQI": "", "PPiXQII": "", "PPiXQIII": "", "PPiXQIV": "", "organization": "", "age": null, "gender": "", "location": null, "language": "", "sector": "", "uuid": "43b8cd7e-769b-4d42-99fa-7455cf8f56fb"}}, {"model": "pcari.respondent", "pk": 70, "fields": {"name": "kjj", "address": "jj", "contact": "jj", "group": "ii", "PS": "", "interviewer": "oo", "PPiIName": "ww", "PPiIAge": "99", "PPiIGender": "", "PPiIQI": "", "PPiIQII": "", "PPiIQIII": "", "PPiIQIV": "ww", "PPiIIName": "ww", "PPiIIAge": "77", "PPiIIGender": "", "PPiIIQI": "", "PPiIIQII": "", "PPiIIQIII": "", "PPiIIQIV": "aa", "PPiIIIName": "jwjw", "PPiIIIAge": "78", "PPiIIIGender": "", "PPiIIIQI": "", "PPiIIIQII": "", "PPiIIIQIII": "", "PPiIIIQIV": "iw", "PPiIVName": "ii", "PPiIVAge": "66", "PPiIVGender": "", "PPiIVQI": "", "PPiIVQII": "", "PPiIVQIII": "", "PPiIVQIV": "s", "PPiVName": "ss", "PPiVAge": "88", "PPiVGender": "", "PPiVQI": "", "PPiVQII": "", "PPiVQIII": "", "PPiVQIV": "is", "PPiVIName": "jsjs", "PPiVIAge": "66", "PPiVIGender": "", "PPiVIQI": "", "PPiVIQII": "", "PPiVIQIII": "", "PPiVIQIV": "iwi", "PPiVIIName": "w", "PPiVIIAge": "87", "PPiVIIGender": "", "PPiVIIQI": "", "PPiVIIQII": "", "PPiVIIQIII": "", "PPiVIIQIV": "ss", "PPiVIIIName": "aa", "PPiVIIIAge": "65", "PPiVIIIGender": "", "PPiVIIIQI": "", "PPiVIIIQII": "", "PPiVIIIQIII": "", "PPiVIIIQIV": "ss", "PPiIXName": "sd", "PPiIXAge": "43", "PPiIXGender": "", "PPiIXQI": "", "PPiIXQII": "", "PPiIXQIII": "", "PPiIXQIV": "oo", "PPiXName": "ww", "PPiXAge": "33", "PPiXGender": "", "PPiXQI": "", "PPiXQII": "", "PPiXQIII": "", "PPiXQIV": "oo", "organization": "uu", "age": null, "gender": "", "location": null, "language": "", "sector": "", "uuid": "69c38e31-00e4-4638-b925-cb5bfd0f34ed"}}, {"model": "pcari.respondent", "pk": 71, "fields": {"name": "", "address": "", "contact": "", "group": "", "PS": "", "interviewer": "", "PPiIName": "", "PPiIAge": "", "PPiIGender": "", "PPiIQI": "", "PPiIQII": "", "PPiIQIII": "", "PPiIQIV": "", "PPiIIName": "", "PPiIIAge": "", "PPiIIGender": "", "PPiIIQI": "", "PPiIIQII": "", "PPiIIQIII": "", "PPiIIQIV": "", "PPiIIIName": "", "PPiIIIAge": "", "PPiIIIGender": "", "PPiIIIQI": "", "PPiIIIQII": "", "PPiIIIQIII": "", "PPiIIIQIV": "", "PPiIVName": "", "PPiIVAge": "", "PPiIVGender": "", "PPiIVQI": "", "PPiIVQII": "", "PPiIVQIII": "", "PPiIVQIV": "", "PPiVName": "", "PPiVAge": "", "PPiVGender": "", "PPiVQI": "", "PPiVQII": "", "PPiVQIII": "", "PPiVQIV": "", "PPiVIName": "", "PPiVIAge": "", "PPiVIGender": "", "PPiVIQI": "", "PPiVIQII": "", "PPiVIQIII": "", "PPiVIQIV": "", "PPiVIIName": "", "PPiVIIAge": "", "PPiVIIGender": "", "PPiVIIQI": "", "PPiVIIQII": "", "PPiVIIQIII": "", "PPiVIIQIV": "", "PPiVIIIName": "", "PPiVIIIAge": "", "PPiVIIIGender": "", "PPiVIIIQI": "", "PPiVIIIQII": "", "PPiVIIIQIII": "", "PPiVIIIQIV": "", "PPiIXName": "", "PPiIXAge": "", "PPiIXGender": "", "PPiIXQI": "", "PPiIXQII": "", "PPiIXQIII": "", "PPiIXQIV": "", "PPiXName": "", "PPiXAge": "", "PPiXGender": "", "PPiXQI": "", "PPiXQII": "", "PPiXQIII": "", "PPiXQIV": "", "organization": "", "age": null, "gender": "", "location": null, "language": "", "sector": "", "uuid": "20dca0fb-1e25-4bf7-95fd-c550680ffd22"}}, {"model": "pcari.respondent", "pk": 72, "fields": {"name": "", "address": "", "contact": "", "group": "", "PS": "", "interviewer": "", "PPiIName": "", "PPiIAge": "", "PPiIGender": "", "PPiIQI": "", "PPiIQII": "", "PPiIQIII": "", "PPiIQIV": "", "PPiIIName": "", "PPiIIAge": "", "PPiIIGender": "", "PPiIIQI": "", "PPiIIQII": "", "PPiIIQIII": "", "PPiIIQIV": "", "PPiIIIName": "", "PPiIIIAge": "", "PPiIIIGender": "", "PPiIIIQI": "", "PPiIIIQII": "", "PPiIIIQIII": "", "PPiIIIQIV": "", "PPiIVName": "", "PPiIVAge": "", "PPiIVGender": "", "PPiIVQI": "", "PPiIVQII": "", "PPiIVQIII": "", "PPiIVQIV": "", "PPiVName": "", "PPiVAge": "", "PPiVGender": "", "PPiVQI": "", "PPiVQII": "", "PPiVQIII": "", "PPiVQIV": "", "PPiVIName": "", "PPiVIAge": "", "PPiVIGender": "", "PPiVIQI": "", "PPiVIQII": "", "PPiVIQIII": "", "PPiVIQIV": "", "PPiVIIName": "", "PPiVIIAge": "", "PPiVIIGender": "", "PPiVIIQI": "", "PPiVIIQII": "", "PPiVIIQIII": "", "PPiVIIQIV": "", "PPiVIIIName": "", "PPiVIIIAge": "", "PPiVIIIGender": "", "PPiVIIIQI": "", "PPiVIIIQII": "", "PPiVIIIQIII": "", "PPiVIIIQIV": "", "PPiIXName": "", "PPiIXAge": "", "PPiIXGender": "", "PPiIXQI": "", "PPiIXQII": "", "PPiIXQIII": "", "PPiIXQIV": "", "PPiXName": "", "PPiXAge": "", "PPiXGender": "", "PPiXQI": "", "PPiXQII": "", "PPiXQIII": "", "PPiXQIV": "", "organization": "", "age": null, "gender": "", "location": null, "language": "", "sector": "", "uuid": "8782506b-2032-4957-838b-6f25e056a78f"}}, {"model": "contenttypes.contenttype", "fields": {"app_label": "feature_phone", "model": "respondent"}}, {"model": "contenttypes.contenttype", "fields": {"app_label": "feature_phone", "model": "instructions"}}, {"model": "contenttypes.contenttype", "fields": {"app_label": "feature_phone", "model": "response"}}, {"model": "contenttypes.contenttype", "fields": {"app_label": "feature_phone", "model": "question"}}, {"model": "contenttypes.contenttype", "fields": {"app_label": "pcari", "model": "quantitativequestionrating"}}, {"model": "contenttypes.contenttype", "fields": {"app_label": "pcari", "model": "optionquestionchoice"}}, {"model": "contenttypes.contenttype", "fields": {"app_label": "pcari", "model": "qualitativequestion"}}, {"model": "contenttypes.contenttype", "fields": {"app_label": "pcari", "model": "comment"}}, {"model": "contenttypes.contenttype", "fields": {"app_label": "pcari", "model": "respondent"}}, {"model": "contenttypes.contenttype", "fields": {"app_label": "pcari", "model": "commentrating"}}, {"model": "contenttypes.contenttype", "fields": {"app_label": "pcari", "model": "optionquestion"}}, {"model": "contenttypes.contenttype", "fields": {"app_label": "pcari", "model": "quantitativequestion"}}, {"model": "contenttypes.contenttype", "fields": {"app_label": "pcari", "model": "location"}}, {"model": "contenttypes.contenttype", "fields": {"app_label": "admin", "model": "logentry"}}, {"model": "contenttypes.contenttype", "fields": {"app_label": "auth", "model": "group"}}, {"model": "contenttypes.contenttype", "fields": {"app_label": "auth", "model": "permission"}}, {"model": "contenttypes.contenttype", "fields": {"app_label": "auth", "model": "user"}}, {"model": "contenttypes.contenttype", "fields": {"app_label": "contenttypes", "model": "contenttype"}}, {"model": "contenttypes.contenttype", "fields": {"app_label": "sessions", "model": "session"}}, {"model": "sessions.session", "pk": "92ueih8h4g3jf4jcfq10kma9sbnoiuwy", "fields": {"session_data": "MWYzOTRmNzg5OGI1NzRlODRiYzIzZjAwODkwYzI5M2M2NDBiMTExZDp7Il9hdXRoX3VzZXJfaGFzaCI6IjgzY2Y5ZDZmYTU5MmNlMTUzODdkNzUyMmUwNTIwNGQ4MzdhNzlhZmIiLCJfYXV0aF91c2VyX2JhY2tlbmQiOiJkamFuZ28uY29udHJpYi5hdXRoLmJhY2tlbmRzLk1vZGVsQmFja2VuZCIsIl9hdXRoX3VzZXJfaWQiOiIxIn0=", "expire_date": "2018-05-03T11:43:57.456Z"}}, {"model": "sessions.session", "pk": "9uz60vu2bz0vcwv437um4mno9soouwtx", "fields": {"session_data": "MWYzOTRmNzg5OGI1NzRlODRiYzIzZjAwODkwYzI5M2M2NDBiMTExZDp7Il9hdXRoX3VzZXJfaGFzaCI6IjgzY2Y5ZDZmYTU5MmNlMTUzODdkNzUyMmUwNTIwNGQ4MzdhNzlhZmIiLCJfYXV0aF91c2VyX2JhY2tlbmQiOiJkamFuZ28uY29udHJpYi5hdXRoLmJhY2tlbmRzLk1vZGVsQmFja2VuZCIsIl9hdXRoX3VzZXJfaWQiOiIxIn0=", "expire_date": "2018-05-03T11:29:59.794Z"}}, {"model": "sessions.session", "pk": "ebetyh9l5issralcwcvysfb1uvrshvg0", "fields": {"session_data": "MWYzOTRmNzg5OGI1NzRlODRiYzIzZjAwODkwYzI5M2M2NDBiMTExZDp7Il9hdXRoX3VzZXJfaGFzaCI6IjgzY2Y5ZDZmYTU5MmNlMTUzODdkNzUyMmUwNTIwNGQ4MzdhNzlhZmIiLCJfYXV0aF91c2VyX2JhY2tlbmQiOiJkamFuZ28uY29udHJpYi5hdXRoLmJhY2tlbmRzLk1vZGVsQmFja2VuZCIsIl9hdXRoX3VzZXJfaWQiOiIxIn0=", "expire_date": "2018-05-01T08:36:02.901Z"}}, {"model": "sessions.session", "pk": "fsdijc7vki6rlbw4qgfnbog6u3turfe7", "fields": {"session_data": "MWYzOTRmNzg5OGI1NzRlODRiYzIzZjAwODkwYzI5M2M2NDBiMTExZDp7Il9hdXRoX3VzZXJfaGFzaCI6IjgzY2Y5ZDZmYTU5MmNlMTUzODdkNzUyMmUwNTIwNGQ4MzdhNzlhZmIiLCJfYXV0aF91c2VyX2JhY2tlbmQiOiJkamFuZ28uY29udHJpYi5hdXRoLmJhY2tlbmRzLk1vZGVsQmFja2VuZCIsIl9hdXRoX3VzZXJfaWQiOiIxIn0=", "expire_date": "2018-05-03T08:43:10.076Z"}}, {"model": "sessions.session", "pk": "hr9awvjhpl2a76cdjm2z11zheash7lmf", "fields": {"session_data": "MWYzOTRmNzg5OGI1NzRlODRiYzIzZjAwODkwYzI5M2M2NDBiMTExZDp7Il9hdXRoX3VzZXJfaGFzaCI6IjgzY2Y5ZDZmYTU5MmNlMTUzODdkNzUyMmUwNTIwNGQ4MzdhNzlhZmIiLCJfYXV0aF91c2VyX2JhY2tlbmQiOiJkamFuZ28uY29udHJpYi5hdXRoLmJhY2tlbmRzLk1vZGVsQmFja2VuZCIsIl9hdXRoX3VzZXJfaWQiOiIxIn0=", "expire_date": "2018-04-30T07:00:33.389Z"}}, {"model": "sessions.session", "pk": "ipknga4tskc56f7wg8vj0o1pun6y2drs", "fields": {"session_data": "MWYzOTRmNzg5OGI1NzRlODRiYzIzZjAwODkwYzI5M2M2NDBiMTExZDp7Il9hdXRoX3VzZXJfaGFzaCI6IjgzY2Y5ZDZmYTU5MmNlMTUzODdkNzUyMmUwNTIwNGQ4MzdhNzlhZmIiLCJfYXV0aF91c2VyX2JhY2tlbmQiOiJkamFuZ28uY29udHJpYi5hdXRoLmJhY2tlbmRzLk1vZGVsQmFja2VuZCIsIl9hdXRoX3VzZXJfaWQiOiIxIn0=", "expire_date": "2018-05-03T11:15:20.824Z"}}, {"model": "sessions.session", "pk": "j9kjgxwsorii38fu6to3bqnfpjuh1g8y", "fields": {"session_data": "MWYzOTRmNzg5OGI1NzRlODRiYzIzZjAwODkwYzI5M2M2NDBiMTExZDp7Il9hdXRoX3VzZXJfaGFzaCI6IjgzY2Y5ZDZmYTU5MmNlMTUzODdkNzUyMmUwNTIwNGQ4MzdhNzlhZmIiLCJfYXV0aF91c2VyX2JhY2tlbmQiOiJkamFuZ28uY29udHJpYi5hdXRoLmJhY2tlbmRzLk1vZGVsQmFja2VuZCIsIl9hdXRoX3VzZXJfaWQiOiIxIn0=", "expire_date": "2018-05-03T12:35:46.330Z"}}, {"model": "sessions.session", "pk": "lipnie06mv9io4aulaji4pgs9thjgpnl", "fields": {"session_data": "MWYzOTRmNzg5OGI1NzRlODRiYzIzZjAwODkwYzI5M2M2NDBiMTExZDp7Il9hdXRoX3VzZXJfaGFzaCI6IjgzY2Y5ZDZmYTU5MmNlMTUzODdkNzUyMmUwNTIwNGQ4MzdhNzlhZmIiLCJfYXV0aF91c2VyX2JhY2tlbmQiOiJkamFuZ28uY29udHJpYi5hdXRoLmJhY2tlbmRzLk1vZGVsQmFja2VuZCIsIl9hdXRoX3VzZXJfaWQiOiIxIn0=", "expire_date": "2018-05-03T08:45:57.258Z"}}, {"model": "sessions.session", "pk": "oqjvildt8k5ruoeyhgpxccr8xn89zn8n", "fields": {"session_data": "MWYzOTRmNzg5OGI1NzRlODRiYzIzZjAwODkwYzI5M2M2NDBiMTExZDp7Il9hdXRoX3VzZXJfaGFzaCI6IjgzY2Y5ZDZmYTU5MmNlMTUzODdkNzUyMmUwNTIwNGQ4MzdhNzlhZmIiLCJfYXV0aF91c2VyX2JhY2tlbmQiOiJkamFuZ28uY29udHJpYi5hdXRoLmJhY2tlbmRzLk1vZGVsQmFja2VuZCIsIl9hdXRoX3VzZXJfaWQiOiIxIn0=", "expire_date": "2018-05-03T11:58:54.278Z"}}, {"model": "sessions.session", "pk": "uo1b42yj6ftx6j333y8l4a9ufud18lss", "fields": {"session_data": "MWYzOTRmNzg5OGI1NzRlODRiYzIzZjAwODkwYzI5M2M2NDBiMTExZDp7Il9hdXRoX3VzZXJfaGFzaCI6IjgzY2Y5ZDZmYTU5MmNlMTUzODdkNzUyMmUwNTIwNGQ4MzdhNzlhZmIiLCJfYXV0aF91c2VyX2JhY2tlbmQiOiJkamFuZ28uY29udHJpYi5hdXRoLmJhY2tlbmRzLk1vZGVsQmFja2VuZCIsIl9hdXRoX3VzZXJfaWQiOiIxIn0=", "expire_date": "2018-05-03T10:22:50.860Z"}}, {"model": "sessions.session", "pk": "zdcbrexgkzbq6y9hqaioyuj8taq4u56e", "fields": {"session_data": "MWYzOTRmNzg5OGI1NzRlODRiYzIzZjAwODkwYzI5M2M2NDBiMTExZDp7Il9hdXRoX3VzZXJfaGFzaCI6IjgzY2Y5ZDZmYTU5MmNlMTUzODdkNzUyMmUwNTIwNGQ4MzdhNzlhZmIiLCJfYXV0aF91c2VyX2JhY2tlbmQiOiJkamFuZ28uY29udHJpYi5hdXRoLmJhY2tlbmRzLk1vZGVsQmFja2VuZCIsIl9hdXRoX3VzZXJfaWQiOiIxIn0=", "expire_date": "2018-05-03T09:06:51.524Z"}}, {"model": "auth.permission", "fields": {"name": "Can add respondent", "content_type": ["feature_phone", "respondent"], "codename": "add_respondent"}}, {"model": "auth.permission", "fields": {"name": "Can change respondent", "content_type": ["feature_phone", "respondent"], "codename": "change_respondent"}}, {"model": "auth.permission", "fields": {"name": "Can delete respondent", "content_type": ["feature_phone", "respondent"], "codename": "delete_respondent"}}, {"model": "auth.permission", "fields": {"name": "Can view respondent", "content_type": ["feature_phone", "respondent"], "codename": "view_respondent"}}, {"model": "auth.permission", "fields": {"name": "Can add instructions", "content_type": ["feature_phone", "instructions"], "codename": "add_instructions"}}, {"model": "auth.permission", "fields": {"name": "Can change instructions", "content_type": ["feature_phone", "instructions"], "codename": "change_instructions"}}, {"model": "auth.permission", "fields": {"name": "Can delete instructions", "content_type": ["feature_phone", "instructions"], "codename": "delete_instructions"}}, {"model": "auth.permission", "fields": {"name": "Can view instructions", "content_type": ["feature_phone", "instructions"], "codename": "view_instructions"}}, {"model": "auth.permission", "fields": {"name": "Can add response", "content_type": ["feature_phone", "response"], "codename": "add_response"}}, {"model": "auth.permission", "fields": {"name": "Can change response", "content_type": ["feature_phone", "response"], "codename": "change_response"}}, {"model": "auth.permission", "fields": {"name": "Can delete response", "content_type": ["feature_phone", "response"], "codename": "delete_response"}}, {"model": "auth.permission", "fields": {"name": "Can view response", "content_type": ["feature_phone", "response"], "codename": "view_response"}}, {"model": "auth.permission", "fields": {"name": "Can add question", "content_type": ["feature_phone", "question"], "codename": "add_question"}}, {"model": "auth.permission", "fields": {"name": "Can change question", "content_type": ["feature_phone", "question"], "codename": "change_question"}}, {"model": "auth.permission", "fields": {"name": "Can delete question", "content_type": ["feature_phone", "question"], "codename": "delete_question"}}, {"model": "auth.permission", "fields": {"name": "Can view question", "content_type": ["feature_phone", "question"], "codename": "view_question"}}, {"model": "auth.permission", "fields": {"name": "Can add quantitative question rating", "content_type": ["pcari", "quantitativequestionrating"], "codename": "add_quantitativequestionrating"}}, {"model": "auth.permission", "fields": {"name": "Can change quantitative question rating", "content_type": ["pcari", "quantitativequestionrating"], "codename": "change_quantitativequestionrating"}}, {"model": "auth.permission", "fields": {"name": "Can delete quantitative question rating", "content_type": ["pcari", "quantitativequestionrating"], "codename": "delete_quantitativequestionrating"}}, {"model": "auth.permission", "fields": {"name": "Can view quantitative question rating", "content_type": ["pcari", "quantitativequestionrating"], "codename": "view_quantitativequestionrating"}}, {"model": "auth.permission", "fields": {"name": "Can add option question choice", "content_type": ["pcari", "optionquestionchoice"], "codename": "add_optionquestionchoice"}}, {"model": "auth.permission", "fields": {"name": "Can change option question choice", "content_type": ["pcari", "optionquestionchoice"], "codename": "change_optionquestionchoice"}}, {"model": "auth.permission", "fields": {"name": "Can delete option question choice", "content_type": ["pcari", "optionquestionchoice"], "codename": "delete_optionquestionchoice"}}, {"model": "auth.permission", "fields": {"name": "Can view option question choice", "content_type": ["pcari", "optionquestionchoice"], "codename": "view_optionquestionchoice"}}, {"model": "auth.permission", "fields": {"name": "Can add qualitative question", "content_type": ["pcari", "qualitativequestion"], "codename": "add_qualitativequestion"}}, {"model": "auth.permission", "fields": {"name": "Can change qualitative question", "content_type": ["pcari", "qualitativequestion"], "codename": "change_qualitativequestion"}}, {"model": "auth.permission", "fields": {"name": "Can delete qualitative question", "content_type": ["pcari", "qualitativequestion"], "codename": "delete_qualitativequestion"}}, {"model": "auth.permission", "fields": {"name": "Can view qualitative question", "content_type": ["pcari", "qualitativequestion"], "codename": "view_qualitativequestion"}}, {"model": "auth.permission", "fields": {"name": "Can add comment", "content_type": ["pcari", "comment"], "codename": "add_comment"}}, {"model": "auth.permission", "fields": {"name": "Can change comment", "content_type": ["pcari", "comment"], "codename": "change_comment"}}, {"model": "auth.permission", "fields": {"name": "Can delete comment", "content_type": ["pcari", "comment"], "codename": "delete_comment"}}, {"model": "auth.permission", "fields": {"name": "Can view comment", "content_type": ["pcari", "comment"], "codename": "view_comment"}}, {"model": "auth.permission", "fields": {"name": "Can add respondent", "content_type": ["pcari", "respondent"], "codename": "add_respondent"}}, {"model": "auth.permission", "fields": {"name": "Can change respondent", "content_type": ["pcari", "respondent"], "codename": "change_respondent"}}, {"model": "auth.permission", "fields": {"name": "Can delete respondent", "content_type": ["pcari", "respondent"], "codename": "delete_respondent"}}, {"model": "auth.permission", "fields": {"name": "Can view respondent", "content_type": ["pcari", "respondent"], "codename": "view_respondent"}}, {"model": "auth.permission", "fields": {"name": "Can add comment rating", "content_type": ["pcari", "commentrating"], "codename": "add_commentrating"}}, {"model": "auth.permission", "fields": {"name": "Can change comment rating", "content_type": ["pcari", "commentrating"], "codename": "change_commentrating"}}, {"model": "auth.permission", "fields": {"name": "Can delete comment rating", "content_type": ["pcari", "commentrating"], "codename": "delete_commentrating"}}, {"model": "auth.permission", "fields": {"name": "Can view comment rating", "content_type": ["pcari", "commentrating"], "codename": "view_commentrating"}}, {"model": "auth.permission", "fields": {"name": "Can add option question", "content_type": ["pcari", "optionquestion"], "codename": "add_optionquestion"}}, {"model": "auth.permission", "fields": {"name": "Can change option question", "content_type": ["pcari", "optionquestion"], "codename": "change_optionquestion"}}, {"model": "auth.permission", "fields": {"name": "Can delete option question", "content_type": ["pcari", "optionquestion"], "codename": "delete_optionquestion"}}, {"model": "auth.permission", "fields": {"name": "Can view option question", "content_type": ["pcari", "optionquestion"], "codename": "view_optionquestion"}}, {"model": "auth.permission", "fields": {"name": "Can add quantitative question", "content_type": ["pcari", "quantitativequestion"], "codename": "add_quantitativequestion"}}, {"model": "auth.permission", "fields": {"name": "Can change quantitative question", "content_type": ["pcari", "quantitativequestion"], "codename": "change_quantitativequestion"}}, {"model": "auth.permission", "fields": {"name": "Can delete quantitative question", "content_type": ["pcari", "quantitativequestion"], "codename": "delete_quantitativequestion"}}, {"model": "auth.permission", "fields": {"name": "Can view quantitative question", "content_type": ["pcari", "quantitativequestion"], "codename": "view_quantitativequestion"}}, {"model": "auth.permission", "fields": {"name": "Can add location", "content_type": ["pcari", "location"], "codename": "add_location"}}, {"model": "auth.permission", "fields": {"name": "Can change location", "content_type": ["pcari", "location"], "codename": "change_location"}}, {"model": "auth.permission", "fields": {"name": "Can delete location", "content_type": ["pcari", "location"], "codename": "delete_location"}}, {"model": "auth.permission", "fields": {"name": "Can view location", "content_type": ["pcari", "location"], "codename": "view_location"}}, {"model": "auth.permission", "fields": {"name": "Can add log entry", "content_type": ["admin", "logentry"], "codename": "add_logentry"}}, {"model": "auth.permission", "fields": {"name": "Can change log entry", "content_type": ["admin", "logentry"], "codename": "change_logentry"}}, {"model": "auth.permission", "fields": {"name": "Can delete log entry", "content_type": ["admin", "logentry"], "codename": "delete_logentry"}}, {"model": "auth.permission", "fields": {"name": "Can add group", "content_type": ["auth", "group"], "codename": "add_group"}}, {"model": "auth.permission", "fields": {"name": "Can change group", "content_type": ["auth", "group"], "codename": "change_group"}}, {"model": "auth.permission", "fields": {"name": "Can delete group", "content_type": ["auth", "group"], "codename": "delete_group"}}, {"model": "auth.permission", "fields": {"name": "Can add permission", "content_type": ["auth", "permission"], "codename": "add_permission"}}, {"model": "auth.permission", "fields": {"name": "Can change permission", "content_type": ["auth", "permission"], "codename": "change_permission"}}, {"model": "auth.permission", "fields": {"name": "Can delete permission", "content_type": ["auth", "permission"], "codename": "delete_permission"}}, {"model": "auth.permission", "fields": {"name": "Can add user", "content_type": ["auth", "user"], "codename": "add_user"}}, {"model": "auth.permission", "fields": {"name": "Can change user", "content_type": ["auth", "user"], "codename": "change_user"}}, {"model": "auth.permission", "fields": {"name": "Can delete user", "content_type": ["auth", "user"], "codename": "delete_user"}}, {"model": "auth.permission", "fields": {"name": "Can add content type", "content_type": ["contenttypes", "contenttype"], "codename": "add_contenttype"}}, {"model": "auth.permission", "fields": {"name": "Can change content type", "content_type": ["contenttypes", "contenttype"], "codename": "change_contenttype"}}, {"model": "auth.permission", "fields": {"name": "Can delete content type", "content_type": ["contenttypes", "contenttype"], "codename": "delete_contenttype"}}, {"model": "auth.permission", "fields": {"name": "Can add session", "content_type": ["sessions", "session"], "codename": "add_session"}}, {"model": "auth.permission", "fields": {"name": "Can change session", "content_type": ["sessions", "session"], "codename": "change_session"}}, {"model": "auth.permission", "fields": {"name": "Can delete session", "content_type": ["sessions", "session"], "codename": "delete_session"}}, {"model": "auth.user", "fields": {"password": "pbkdf2_sha256$36000$Z8JVpku65Thy$EdbfMtDDuYXyFTnTE44IubqilvZg8o6MXWssY1pTI1g=", "last_login": "2018-04-19T12:35:46.320Z", "is_superuser": true, "username": "admin", "first_name": "", "last_name": "", "email": "m@yahoo.com", "is_staff": true, "is_active": true, "date_joined": "2018-04-16T07:00:02.987Z", "groups": [], "user_permissions": []}}, {"model": "admin.logentry", "pk": 1, "fields": {"action_time": "2018-04-19T07:07:22.215Z", "user": ["admin"], "content_type": ["pcari", "respondent"], "object_id": "35", "object_repr": "Respondent 35", "action_flag": 3, "change_message": ""}}, {"model": "admin.logentry", "pk": 2, "fields": {"action_time": "2018-04-19T07:07:22.327Z", "user": ["admin"], "content_type": ["pcari", "respondent"], "object_id": "34", "object_repr": "Respondent 34", "action_flag": 3, "change_message": ""}}, {"model": "admin.logentry", "pk": 3, "fields": {"action_time": "2018-04-19T07:07:22.346Z", "user": ["admin"], "content_type": ["pcari", "respondent"], "object_id": "33", "object_repr": "Respondent 33", "action_flag": 3, "change_message": ""}}, {"model": "admin.logentry", "pk": 4, "fields": {"action_time": "2018-04-19T07:07:22.357Z", "user": ["admin"], "content_type": ["pcari", "respondent"], "object_id": "32", "object_repr": "Respondent 32", "action_flag": 3, "change_message": ""}}, {"model": "admin.logentry", "pk": 5, "fields": {"action_time": "2018-04-19T07:07:22.363Z", "user": ["admin"], "content_type": ["pcari", "respondent"], "object_id": "31", "object_repr": "Respondent 31", "action_flag": 3, "change_message": ""}}, {"model": "admin.logentry", "pk": 6, "fields": {"action_time": "2018-04-19T07:07:22.372Z", "user": ["admin"], "content_type": ["pcari", "respondent"], "object_id": "30", "object_repr": "Respondent 30", "action_flag": 3, "change_message": ""}}, {"model": "admin.logentry", "pk": 7, "fields": {"action_time": "2018-04-19T07:07:22.383Z", "user": ["admin"], "content_type": ["pcari", "respondent"], "object_id": "29", "object_repr": "Respondent 29", "action_flag": 3, "change_message": ""}}, {"model": "admin.logentry", "pk": 8, "fields": {"action_time": "2018-04-19T07:07:22.396Z", "user": ["admin"], "content_type": ["pcari", "respondent"], "object_id": "28", "object_repr": "Respondent 28", "action_flag": 3, "change_message": ""}}, {"model": "admin.logentry", "pk": 9, "fields": {"action_time": "2018-04-19T07:07:22.403Z", "user": ["admin"], "content_type": ["pcari", "respondent"], "object_id": "27", "object_repr": "Respondent 27", "action_flag": 3, "change_message": ""}}, {"model": "admin.logentry", "pk": 10, "fields": {"action_time": "2018-04-19T07:07:22.413Z", "user": ["admin"], "content_type": ["pcari", "respondent"], "object_id": "26", "object_repr": "Respondent 26", "action_flag": 3, "change_message": ""}}, {"model": "admin.logentry", "pk": 11, "fields": {"action_time": "2018-04-19T07:07:22.422Z", "user": ["admin"], "content_type": ["pcari", "respondent"], "object_id": "25", "object_repr": "Respondent 25", "action_flag": 3, "change_message": ""}}, {"model": "admin.logentry", "pk": 12, "fields": {"action_time": "2018-04-19T07:07:22.439Z", "user": ["admin"], "content_type": ["pcari", "respondent"], "object_id": "24", "object_repr": "Respondent 24", "action_flag": 3, "change_message": ""}}, {"model": "admin.logentry", "pk": 13, "fields": {"action_time": "2018-04-19T07:07:22.454Z", "user": ["admin"], "content_type": ["pcari", "respondent"], "object_id": "23", "object_repr": "Respondent 23", "action_flag": 3, "change_message": ""}}, {"model": "admin.logentry", "pk": 14, "fields": {"action_time": "2018-04-19T07:07:22.461Z", "user": ["admin"], "content_type": ["pcari", "respondent"], "object_id": "22", "object_repr": "Respondent 22", "action_flag": 3, "change_message": ""}}, {"model": "admin.logentry", "pk": 15, "fields": {"action_time": "2018-04-19T07:07:22.470Z", "user": ["admin"], "content_type": ["pcari", "respondent"], "object_id": "21", "object_repr": "Respondent 21", "action_flag": 3, "change_message": ""}}, {"model": "admin.logentry", "pk": 16, "fields": {"action_time": "2018-04-19T07:07:22.476Z", "user": ["admin"], "content_type": ["pcari", "respondent"], "object_id": "20", "object_repr": "Respondent 20", "action_flag": 3, "change_message": ""}}, {"model": "admin.logentry", "pk": 17, "fields": {"action_time": "2018-04-19T07:07:22.480Z", "user": ["admin"], "content_type": ["pcari", "respondent"], "object_id": "19", "object_repr": "Respondent 19", "action_flag": 3, "change_message": ""}}, {"model": "admin.logentry", "pk": 18, "fields": {"action_time": "2018-04-19T07:07:22.485Z", "user": ["admin"], "content_type": ["pcari", "respondent"], "object_id": "18", "object_repr": "Respondent 18", "action_flag": 3, "change_message": ""}}, {"model": "admin.logentry", "pk": 19, "fields": {"action_time": "2018-04-19T07:07:22.491Z", "user": ["admin"], "content_type": ["pcari", "respondent"], "object_id": "17", "object_repr": "Respondent 17", "action_flag": 3, "change_message": ""}}, {"model": "admin.logentry", "pk": 20, "fields": {"action_time": "2018-04-19T07:07:22.496Z", "user": ["admin"], "content_type": ["pcari", "respondent"], "object_id": "16", "object_repr": "Respondent 16", "action_flag": 3, "change_message": ""}}, {"model": "admin.logentry", "pk": 21, "fields": {"action_time": "2018-04-19T07:07:22.506Z", "user": ["admin"], "content_type": ["pcari", "respondent"], "object_id": "15", "object_repr": "Respondent 15", "action_flag": 3, "change_message": ""}}, {"model": "admin.logentry", "pk": 22, "fields": {"action_time": "2018-04-19T07:07:22.517Z", "user": ["admin"], "content_type": ["pcari", "respondent"], "object_id": "14", "object_repr": "Respondent 14", "action_flag": 3, "change_message": ""}}, {"model": "admin.logentry", "pk": 23, "fields": {"action_time": "2018-04-19T07:07:22.528Z", "user": ["admin"], "content_type": ["pcari", "respondent"], "object_id": "13", "object_repr": "Respondent 13", "action_flag": 3, "change_message": ""}}, {"model": "admin.logentry", "pk": 24, "fields": {"action_time": "2018-04-19T07:07:22.533Z", "user": ["admin"], "content_type": ["pcari", "respondent"], "object_id": "12", "object_repr": "Respondent 12", "action_flag": 3, "change_message": ""}}, {"model": "admin.logentry", "pk": 25, "fields": {"action_time": "2018-04-19T07:07:22.540Z", "user": ["admin"], "content_type": ["pcari", "respondent"], "object_id": "11", "object_repr": "Respondent 11", "action_flag": 3, "change_message": ""}}, {"model": "admin.logentry", "pk": 26, "fields": {"action_time": "2018-04-19T07:07:22.545Z", "user": ["admin"], "content_type": ["pcari", "respondent"], "object_id": "10", "object_repr": "Respondent 10", "action_flag": 3, "change_message": ""}}, {"model": "admin.logentry", "pk": 27, "fields": {"action_time": "2018-04-19T07:07:22.550Z", "user": ["admin"], "content_type": ["pcari", "respondent"], "object_id": "9", "object_repr": "Respondent 9", "action_flag": 3, "change_message": ""}}, {"model": "admin.logentry", "pk": 28, "fields": {"action_time": "2018-04-19T07:07:22.567Z", "user": ["admin"], "content_type": ["pcari", "respondent"], "object_id": "8", "object_repr": "Respondent 8", "action_flag": 3, "change_message": ""}}, {"model": "admin.logentry", "pk": 29, "fields": {"action_time": "2018-04-19T07:07:22.578Z", "user": ["admin"], "content_type": ["pcari", "respondent"], "object_id": "7", "object_repr": "Respondent 7", "action_flag": 3, "change_message": ""}}, {"model": "admin.logentry", "pk": 30, "fields": {"action_time": "2018-04-19T07:07:22.582Z", "user": ["admin"], "content_type": ["pcari", "respondent"], "object_id": "6", "object_repr": "Respondent 6", "action_flag": 3, "change_message": ""}}, {"model": "admin.logentry", "pk": 31, "fields": {"action_time": "2018-04-19T07:07:22.587Z", "user": ["admin"], "content_type": ["pcari", "respondent"], "object_id": "5", "object_repr": "Respondent 5", "action_flag": 3, "change_message": ""}}, {"model": "admin.logentry", "pk": 32, "fields": {"action_time": "2018-04-19T07:07:22.591Z", "user": ["admin"], "content_type": ["pcari", "respondent"], "object_id": "4", "object_repr": "Respondent 4", "action_flag": 3, "change_message": ""}}, {"model": "admin.logentry", "pk": 33, "fields": {"action_time": "2018-04-19T07:07:22.595Z", "user": ["admin"], "content_type": ["pcari", "respondent"], "object_id": "3", "object_repr": "Respondent 3", "action_flag": 3, "change_message": ""}}, {"model": "admin.logentry", "pk": 34, "fields": {"action_time": "2018-04-19T07:07:22.606Z", "user": ["admin"], "content_type": ["pcari", "respondent"], "object_id": "2", "object_repr": "Respondent 2", "action_flag": 3, "change_message": ""}}, {"model": "admin.logentry", "pk": 35, "fields": {"action_time": "2018-04-19T07:07:22.611Z", "user": ["admin"], "content_type": ["pcari", "respondent"], "object_id": "1", "object_repr": "Respondent 1", "action_flag": 3, "change_message": ""}}, {"model": "admin.logentry", "pk": 36, "fields": {"action_time": "2018-04-19T08:46:46.549Z", "user": ["admin"], "content_type": ["pcari", "quantitativequestion"], "object_id": "1", "object_repr": "Quantitative question 1: \"Pira eh membro o mababling sa walay aya?\r\n1 - Isa odi na dua\r\n2 - Tehlo  \r\n3 - Pat\r\n4 - Lima\r\n5 - Nh'm/Nem\r\n6 - Pito\r\n7 - Walo odi ma madakul pun\"\"", "action_flag": 1, "change_message": "[{\"added\": {}}]"}}, {"model": "admin.logentry", "pk": 37, "fields": {"action_time": "2018-04-19T08:46:52.080Z", "user": ["admin"], "content_type": ["pcari", "quantitativequestion"], "object_id": "2", "object_repr": "Quantitative question 2: \"Does your family have plenty of food and water supplies ready to survive in times of disaster.\r\n1. Yes\r\n2.. No\"", "action_flag": 1, "change_message": "[{\"added\": {}}]"}}, {"model": "admin.logentry", "pk": 38, "fields": {"action_time": "2018-04-19T08:47:42.488Z", "user": ["admin"], "content_type": ["pcari", "quantitativequestion"], "object_id": "3", "object_repr": "Quantitative question 3: \"Ba langun o membro a babaling ko walay a mageedad sa nem (6) taman ko sapulo ago pito (17) na dimamagEskwela?\r\n1 - Di/Da 0\r\n2 - Oway 1\r\n3 - Da mageedad sa nem (6) taman sa sa", "action_flag": 1, "change_message": "[{\"added\": {}}]"}}, {"model": "admin.logentry", "pk": 39, "fields": {"action_time": "2018-04-19T08:48:01.456Z", "user": ["admin"], "content_type": ["pcari", "quantitativequestion"], "object_id": "4", "object_repr": "Quantitative question 4: \"Ba adun sa gya babalingan eyo na adun a mapiya a disaster evacuation center a adun a mga CR, tulang, clinic ago playground egera a adun a bagyo odi na baha?\r\n1 - Da\r\n2 - Evac", "action_flag": 1, "change_message": "[{\"added\": {}}]"}}, {"model": "admin.logentry", "pk": 40, "fields": {"action_time": "2018-04-19T08:48:06.681Z", "user": ["admin"], "content_type": ["pcari", "quantitativequestion"], "object_id": "4", "object_repr": "Quantitative question 4: \"Ba adun sa gya babalingan eyo na adun a mapiya a disaster evacuation center a adun a mga CR, tulang, clinic ago playground egera a adun a bagyo odi na baha?\r\n1 - Da\r\n2 - Evac", "action_flag": 2, "change_message": "[]"}}, {"model": "admin.logentry", "pk": 41, "fields": {"action_time": "2018-04-19T08:48:41.808Z", "user": ["admin"], "content_type": ["pcari", "quantitativequestion"], "object_id": "2", "object_repr": "Quantitative question 2: \"Ba adun a madakul a pangenuken (food) ago ig (water) a matitimo a pamilya para ko kapaguyag ko oras adun a ambal-ambal (disaster).\r\n1 - Adun/Oway\r\n2 - Da\"", "action_flag": 2, "change_message": "[{\"changed\": {\"fields\": [\"prompt\", \"tag\", \"order\"]}}]"}}, {"model": "admin.logentry", "pk": 42, "fields": {"action_time": "2018-04-19T08:49:04.615Z", "user": ["admin"], "content_type": ["pcari", "quantitativequestion"], "object_id": "4", "object_repr": "Quantitative question 4: \"Ba adun sa gya babalingan eyo na adun a mapiya a disaster evacuation center a adun a mga CR, tulang, clinic ago playground egera a adun a bagyo odi na baha?\r\n1 - Da\r\n2 - Evac", "action_flag": 2, "change_message": "[{\"changed\": {\"fields\": [\"tag\", \"order\"]}}]"}}, {"model": "admin.logentry", "pk": 43, "fields": {"action_time": "2018-04-19T08:49:07.946Z", "user": ["admin"], "content_type": ["pcari", "quantitativequestion"], "object_id": "5", "object_repr": "Quantitative question 5: \"Pira ko mga tao sa walay iyo a adun a galbek eyan apiya isa bo ka oras ko pito gawie?\r\n1 - Da (0)\r\n2 - Isa (2)\r\n3 - Duwa (7)\r\n4 - Tehlo o madakul pun\"", "action_flag": 1, "change_message": "[{\"added\": {}}]"}}, {"model": "admin.logentry", "pk": 44, "fields": {"action_time": "2018-04-19T08:49:41.984Z", "user": ["admin"], "content_type": ["pcari", "quantitativequestion"], "object_id": "6", "object_repr": "Quantitative question 6: \"Ba adun ko membro o pamilya iyo a dimamanae?\r\nA - Adun/Oway\r\nB - Da\"", "action_flag": 1, "change_message": "[{\"added\": {}}]"}}, {"model": "admin.logentry", "pk": 45, "fields": {"action_time": "2018-04-19T08:49:46.461Z", "user": ["admin"], "content_type": ["pcari", "quantitativequestion"], "object_id": "6", "object_repr": "Quantitative question 6: \"Ba adun ko membro o pamilya iyo a dimamanae?\r\nA - Adun/Oway\r\nB - Da\"", "action_flag": 2, "change_message": "[]"}}, {"model": "admin.logentry", "pk": 46, "fields": {"action_time": "2018-04-19T08:50:22.126Z", "user": ["admin"], "content_type": ["pcari", "quantitativequestion"], "object_id": "7", "object_repr": "Quantitative question 7: \"Ba adun a limpiyo a banyo o di na toilet?\r\nA - Adun/Oway\r\nB - Da\"", "action_flag": 1, "change_message": "[{\"added\": {}}]"}}, {"model": "admin.logentry", "pk": 47, "fields": {"action_time": "2018-04-19T09:03:53.652Z", "user": ["admin"], "content_type": ["pcari", "quantitativequestion"], "object_id": "8", "object_repr": "Quantitative question 8: \"Pira ko mga tao sa walay iyo a adun a galbek eyan apiya isa bo ka oras ko pito gawie?\r\n1 - Da (0)\r\n2 - Isa (2)\r\n3 - Duwa (7)\r\n4 - Tehlo o madakul pun\"", "action_flag": 1, "change_message": "[{\"added\": {}}]"}}, {"model": "admin.logentry", "pk": 48, "fields": {"action_time": "2018-04-19T09:04:04.973Z", "user": ["admin"], "content_type": ["pcari", "quantitativequestion"], "object_id": "8", "object_repr": "Quantitative question 8: \"Pira ko mga tao sa walay iyo a adun a galbek eyan apiya isa bo ka oras ko pito gawie?\r\n1 - Da (0)\r\n2 - Isa (2)\r\n3 - Duwa (7)\r\n4 - Tehlo o madakul pun\"", "action_flag": 3, "change_message": ""}}, {"model": "admin.logentry", "pk": 49, "fields": {"action_time": "2018-04-19T09:06:37.124Z", "user": ["admin"], "content_type": ["pcari", "quantitativequestion"], "object_id": "9", "object_repr": "Quantitative question 9: \"Sii  ko rupa kawiwiyag odi na kandagang sa suled o pito gawii, pira ko mga membero sa walay eyo a pababasok, di galbek sa kalasan, dimangisda, taribasok, odi na da agalbek ey", "action_flag": 1, "change_message": "[{\"added\": {}}]"}}, {"model": "admin.logentry", "pk": 50, "fields": {"action_time": "2018-04-19T09:07:20.398Z", "user": ["admin"], "content_type": ["pcari", "quantitativequestion"], "object_id": "10", "object_repr": "Quantitative question 10: \"Atona eh pinakamapuro a grado myapasad o karauma a babai?\r\n1 - Da a babai a karuma\r\n2 - Da myapasad a grado odi na mikagraduate sa elementary\r\n3 - Myakagraduate sa Elementar", "action_flag": 1, "change_message": "[{\"added\": {}}]"}}, {"model": "admin.logentry", "pk": 51, "fields": {"action_time": "2018-04-19T09:17:14.532Z", "user": ["admin"], "content_type": ["pcari", "quantitativequestion"], "object_id": "11", "object_repr": "Quantitative question 11: \"Atona klase a kasangkapan so liyo a kehleb iyo puon?\r\n1 - Piyakatimo-tomo/piyanimo a kasangkapan, piyatapitapi ugaid na adun a pyanimo ago makahp a matereyal datar o cogon, ", "action_flag": 1, "change_message": "[{\"added\": {}}]"}}, {"model": "admin.logentry", "pk": 52, "fields": {"action_time": "2018-04-19T09:19:32.617Z", "user": ["admin"], "content_type": ["pcari", "quantitativequestion"], "object_id": "12", "object_repr": "Quantitative question 12: \"So pamilya na adun a sala sets?\r\n1 - Da\r\n2 - Adun\"", "action_flag": 1, "change_message": "[{\"added\": {}}]"}}, {"model": "admin.logentry", "pk": 53, "fields": {"action_time": "2018-04-19T09:21:30.464Z", "user": ["admin"], "content_type": ["pcari", "quantitativequestion"], "object_id": "13", "object_repr": "Quantitative question 13: \"So pamilya na adun a refrigerator/freezer odi na washing machine iyan?\r\n1 - Da\r\n2 - Isa odi na so pud, odi na da langun\r\n3 - Adun ko duwa\"", "action_flag": 1, "change_message": "[{\"added\": {}}]"}}, {"model": "admin.logentry", "pk": 54, "fields": {"action_time": "2018-04-19T09:24:14.289Z", "user": ["admin"], "content_type": ["pcari", "quantitativequestion"], "object_id": "14", "object_repr": "Quantitative question 14: \"Ba so pamilya na adun a Televsion set iyan odi na VTR/VHS/VCD/DVD player iyan?\r\n1 - Da\r\n2 - television bo\r\n3 - VTR/VHS/VCD/DVD player (adun odi na da a TV)\"", "action_flag": 1, "change_message": "[{\"added\": {}}]"}}, {"model": "admin.logentry", "pk": 55, "fields": {"action_time": "2018-04-19T09:25:03.369Z", "user": ["admin"], "content_type": ["pcari", "quantitativequestion"], "object_id": "15", "object_repr": "Quantitative question 15: \"Pira eh telephono odi na celphone adun ko pamilya?\r\n1 - da\r\n2 - Isa\r\n3 - Dua\r\n4 - Tehlo odi na madakul\"", "action_flag": 1, "change_message": "[{\"added\": {}}]"}}, {"model": "admin.logentry", "pk": 56, "fields": {"action_time": "2018-04-19T09:25:33.201Z", "user": ["admin"], "content_type": ["pcari", "quantitativequestion"], "object_id": "16", "object_repr": "Quantitative question 16: \"Ba so pamilya nyu na pakalehpas kuman sa apiya makadua a ehgagabi ko pito gawii?\r\n1 - Adun/Oway\r\n2 - Da\"", "action_flag": 1, "change_message": "[{\"added\": {}}]"}}, {"model": "admin.logentry", "pk": 57, "fields": {"action_time": "2018-04-19T09:26:58.928Z", "user": ["admin"], "content_type": ["pcari", "quantitativequestion"], "object_id": "17", "object_repr": "Quantitative question 17: \"Ba adun a pehkakuwaan iyo sa limpiyo pehkainum a ig?\r\n1 - Adun/Oway\r\n2 - Da\"", "action_flag": 1, "change_message": "[{\"added\": {}}]"}}, {"model": "admin.logentry", "pk": 58, "fields": {"action_time": "2018-04-19T10:24:04.177Z", "user": ["admin"], "content_type": ["pcari", "qualitativequestion"], "object_id": "1", "object_repr": "Qualitative question 1: \"Paka-ehsa a adun a usayaniyan: Atona a e mga myangauuna a awidaakal o di na mga di kabibitiyaraan sa gya darpa iyo na kailngan iyan so kabehgi run sa rarad?\"", "action_flag": 1, "change_message": "[{\"added\": {}}]"}}, {"model": "admin.logentry", "pk": 59, "fields": {"action_time": "2018-04-19T12:36:14.520Z", "user": ["admin"], "content_type": ["pcari", "quantitativequestion"], "object_id": "7", "object_repr": "Quantitative question 7: \"Ba adun a limpiyo a banyo o di na toilet?\r\n1 - Adun/Oway\r\n2 - Da\"", "action_flag": 2, "change_message": "[{\"changed\": {\"fields\": [\"prompt\"]}}]"}}, {"model": "admin.logentry", "pk": 60, "fields": {"action_time": "2018-04-19T12:36:27.310Z", "user": ["admin"], "content_type": ["pcari", "quantitativequestion"], "object_id": "6", "object_repr": "Quantitative question 6: \"Ba adun ko membro o pamilya iyo a dimamanae?\r\n1 - Adun/Oway\r\n2 - Da\"", "action_flag": 2, "change_message": "[{\"changed\": {\"fields\": [\"prompt\"]}}]"}}]